DIM,Task,APPROVAL,21-Nov,21-Dec,22-Jan,22-Feb,22-Mar,22-Apr,22-May,22-Jun,22-Jul,22-Aug,22-Sep,22-Oct,22-Nov,22-Dec,23-Jan,23-Feb
EMP_0431,,,,,,,,,,,,,,,,,,
Contracted Hours,,,165,157.5,150,150,172.5,150,150,165,157.5,172.5,165,157.5,165,150,157.5,150
Allocated Hours,,,178.2,170.1,162,222,186.3,162,162,178.2,170.1,186.3,178.2,170.1,178.2,162,0,0
Remaining,,,-13.2,-12.6,-12,-72,-13.8,-12,-12,-13.2,-12.6,-13.8,-13.2,-12.6,-13.2,-12,157.5,150
Technical,TASK_T0690,Completed,165,157.5,150,150,0,0,0,0,0,0,0,0,0,0,0,0
Technical,TASK_T0010,Completed,0,0,0,0,142.5,150,150,165,157.5,172.5,165,157.5,165,150,0,0
Technical,TASK_T0958,Completed,13.2,12.6,12,12,13.8,12,12,13.2,12.6,13.8,13.2,12.6,13.2,12,0,0
Technical,TASK_T0740,Completed,0,0,0,60,30,0,0,0,0,0,0,0,0,0,0,0
EMP_0094,,,,,,,,,,,,,,,,,,
Contracted Hours,,,0,22.5,150,150,172.5,150,150,165,157.5,172.5,165,157.5,165,150,157.5,150
Allocated Hours,,,0,0,167.17,189,234.6,186,175.5,16.5,15.75,16.5,0,0,0,0,0,0
Remaining,,,0,22.5,-17.17,-39,-62.1,-36,-25.5,148.5,141.75,156,165,157.5,165,150,157.5,150
Technical,TASK_T0291,Completed,0,0,10.2,12,13.8,2.4,0,0,0,0,0,0,0,0,0,0
Technical,TASK_T0797,Completed,0,0,75,75,86.25,75,75,0,0,0,0,0,0,0,0,0
Technical,TASK_T0572,Completed,0,0,57.38,75,86.25,75,75,0,0,0,0,0,0,0,0,0
Technical,TASK_T0196,Completed,0,0,15,15,17.25,15,15,16.5,15.75,16.5,0,0,0,0,0,0
Technical,TASK_T0692,Partial,0,0,9.6,12,31.05,18.6,10.5,0,0,0,0,0,0,0,0,0
EMP_0265,,,,,,,,,,,,,,,,,,
Contracted Hours,,,165,157.5,150,150,172.5,150,150,165,157.5,172.5,165,157.5,165,150,157.5,150
Allocated Hours,,,181.5,168,149.25,189,224.25,195,183.75,57.75,55.13,60.38,57.75,55.13,57.75,52.5,31.5,30
Remaining,,,-16.5,-10.5,0.75,-39,-51.75,-45,-33.75,107.25,102.38,112.13,107.25,102.38,107.25,97.5,126,120
Technical,TASK_T0844,Completed,112.2,110.25,105,105,120.75,105,105,0,0,0,0,0,0,0,0,0
Technical,TASK_T0729,Completed,14.85,14.17,6.75,0,0,0,0,0,0,0,0,0,0,0,0,0
Technical,TASK_T0426,Completed,41.25,39.38,37.5,37.5,43.13,37.5,26.25,0,0,0,0,0,0,0,0,0
Technical,TASK_T0476,Completed,0,0,0,15,17.25,15,15,16.5,15.75,17.25,16.5,15.75,16.5,15,0,0
Technical,TASK_T0853,Completed,1.65,0,0,0,0,0,0,0,0,0,0,0,0,0,0,0
Technical,TASK_T0437,Completed,0,0,0,24,34.5,30,30,33,31.5,34.5,33,31.5,33,30,31.5,30
Technical,TASK_T0477,Completed,0,0,0,7.5,8.63,7.5,7.5,8.25,7.88,8.63,8.25,7.88,8.25,7.5,0,0
Technical,TASK_T0398,Completed,11.55,4.2,0,0,0,0,0,0,0,0,0,0,0,0,0,0
EMP_0469,,,,,,,,,,,,,,,,,,
Contracted Hours,,,0,0,0,82.5,172.5,150,150,165,157.5,172.5,165,157.5,165,150,157.5,150
Allocated Hours,,,0,0,0,82.5,172.5,150,150,165,157.5,172.5,165,157.5,165,150,157.5,150
Remaining,,,0,0,0,0,0,0,0,0,0,0,0,0,0,0,0,0
Technical,TASK_T0844,Completed,0,0,0,82.5,172.5,150,150,165,157.5,172.5,165,157.5,165,150,157.5,150
EMP_0484,,,,,,,,,,,,,,,,,,
Contracted Hours,,,165,157.5,150,150,172.5,150,150,165,157.5,172.5,165,157.5,165,150,157.5,150
Allocated Hours,,,148.5,141.75,114.88,149.63,155.25,135,135,115.5,110.25,120.75,115.5,110.25,115.5,105,0,0
Remaining,,,16.5,15.75,35.12,0.38,17.25,15,15,49.5,47.25,51.75,49.5,47.25,49.5,45,157.5,150
Technical,TASK_T0418,Completed,8.25,7.88,30,30,34.5,30,30,33,31.5,34.5,33,31.5,33,30,0,0
Technical,TASK_T0420,Completed,8.25,7.88,7.5,7.13,0,0,0,0,0,0,0,0,0,0,0,0
Technical,TASK_T0844,Completed,123.75,118.13,52.5,30,34.5,30,30,0,0,0,0,0,0,0,0,0
Technical,TASK_T0476,Completed,0,0,9.4,37.5,43.13,37.5,37.5,41.25,39.38,43.13,41.25,39.38,41.25,37.5,0,0
Technical,TASK_T0477,Completed,0,0,7.97,37.5,43.13,37.5,37.5,41.25,39.38,43.13,41.25,39.38,41.25,37.5,0,0
Technical,TASK_T0421,Completed,8.25,7.88,7.5,7.5,0,0,0,0,0,0,0,0,0,0,0,0
EMP_0003,,,,,,,,,,,,,,,,,,
Contracted Hours,,,165,157.5,150,150,172.5,150,150,165,157.5,172.5,165,157.5,165,150,157.5,150
Allocated Hours,,,165,157.5,148.48,142.5,163.88,142.5,142.5,24.75,23.63,25.88,24.75,23.63,24.75,22.5,0,0
Remaining,,,0,0,1.52,7.5,8.63,7.5,7.5,140.25,133.88,146.63,140.25,133.88,140.25,127.5,157.5,150
Technical,TASK_T0844,Completed,165,157.5,144,120,138,120,120,0,0,0,0,0,0,0,0,0
Technical,TASK_T0476,Completed,0,0,0,15,17.25,15,15,16.5,15.75,17.25,16.5,15.75,16.5,15,0,0
Technical,TASK_T0477,Completed,0,0,4.48,7.5,8.63,7.5,7.5,8.25,7.88,8.63,8.25,7.88,8.25,7.5,0,0
EMP_0527,,,,,,,,,,,,,,,,,,
Contracted Hours,,,165,157.5,150,150,172.5,150,150,165,157.5,172.5,165,157.5,165,150,157.5,150
Allocated Hours,,,165,157.5,150,150,172.5,150,150,165,157.5,150,0,0,0,0,0,0
Remaining,,,0,0,0,0,0,0,0,0,0,22.5,165,157.5,165,150,157.5,150
Technical,TASK_T0690,Completed,165,157.5,150,150,172.5,150,150,165,157.5,150,0,0,0,0,0,0
EMP_0529,,,,,,,,,,,,,,,,,,
Contracted Hours,,,165,157.5,150,150,172.5,150,150,165,157.5,172.5,165,157.5,165,150,157.5,150
Allocated Hours,,,165,161.25,150,150,172.5,150,150,165,157.5,172.5,165,157.5,165,150,0,0
Remaining,,,0,-3.75,0,0,0,0,0,0,0,0,0,0,0,0,157.5,150
Technical,TASK_T0844,Completed,165,78.75,0,0,0,0,0,0,0,0,0,0,0,0,0,0
Technical,TASK_T0299,Completed,0,82.5,150,150,172.5,150,150,165,157.5,172.5,165,157.5,165,150,0,0
EMP_0721,,,,,,,,,,,,,,,,,,
Contracted Hours,,,165,157.5,150,150,172.5,150,150,165,157.5,172.5,165,157.5,165,150,157.5,150
Allocated Hours,,,168.21,126.06,132.77,119.25,112.13,90,90,99,94.5,103.5,99,94.5,99,90,0,0
Remaining,,,-3.21,31.44,17.23,30.75,60.38,60,60,66,63,69,66,63,66,60,157.5,150
Technical,TASK_T0857,Completed,16.5,15.75,15,15,0,0,0,0,0,0,0,0,0,0,0,0
Technical,TASK_T0171,Completed,0,13.5,13.5,3.75,0,0,0,0,0,0,0,0,0,0,0,0
Technical,TASK_T0889,Completed,0,81,90,90,103.5,90,90,99,94.5,103.5,99,94.5,99,90,0,0
Technical,TASK_T0518,Completed,0,0,0,3,8.63,0,0,0,0,0,0,0,0,0,0,0
Technical,TASK_T0761,Completed,16.5,0,0,0,0,0,0,0,0,0,0,0,0,0,0,0
Technical,TASK_T0743,Completed,0,4.88,7.5,7.5,0,0,0,0,0,0,0,0,0,0,0,0
Technical,TASK_T0878,Completed,8.25,0,0,0,0,0,0,0,0,0,0,0,0,0,0,0
Technical,TASK_T0530,Completed,115.5,0,0,0,0,0,0,0,0,0,0,0,0,0,0,0
Technical,TASK_T0528,Completed,11.46,10.94,6.77,0,0,0,0,0,0,0,0,0,0,0,0,0
EMP_0483,,,,,,,,,,,,,,,,,,
Contracted Hours,,,165,157.5,150,150,172.5,150,150,165,157.5,172.5,165,157.5,165,150,157.5,150
Allocated Hours,,,133.91,155.08,162.7,150.63,187.13,172.5,172.5,24.75,23.63,25.88,24.75,23.63,24.75,22.5,23.63,22.5
Remaining,,,31.09,2.42,-12.7,-0.63,-14.63,-22.5,-22.5,140.25,133.88,146.63,140.25,133.88,140.25,127.5,133.88,127.5
Technical,TASK_T0860,Completed,10.16,13.33,12.7,0.63,0,0,0,0,0,0,0,0,0,0,0,0
Technical,TASK_T0564,Completed,66,63,75,75,86.25,75,75,0,0,0,0,0,0,0,0,0
Technical,TASK_T0472,Completed,57.75,78.75,75,75,86.25,75,75,0,0,0,0,0,0,0,0,0
Technical,TASK_T0743,Partial,0,0,0,0,14.63,22.5,22.5,24.75,23.63,25.88,24.75,23.63,24.75,22.5,23.63,22.5
EMP_0083,,,,,,,,,,,,,,,,,,
Contracted Hours,,,0,45,150,150,172.5,150,150,165,157.5,172.5,165,157.5,165,150,157.5,150
Allocated Hours,,,0,0,36,81.86,96.11,34.82,4.71,0,0,0,0,0,0,0,0,0
Remaining,,,0,45,114,68.14,76.39,115.18,145.29,165,157.5,172.5,165,157.5,165,150,157.5,150
Technical,TASK_T0982,Completed,0,0,21,30,34.5,10.5,0,0,0,0,0,0,0,0,0,0
Technical,,Completed,0,0,0,15,17.25,0.75,0,0,0,0,0,0,0,0,0,0
Technical,,Completed,0,0,15,30,34.5,15,0,0,0,0,0,0,0,0,0,0
Technical,TASK_T0788,Completed,0,0,0,6.86,9.86,8.57,4.71,0,0,0,0,0,0,0,0,0
EMP_0681,,,,,,,,,,,,,,,,,,
Contracted Hours,,,165,157.5,150,150,172.5,150,150,165,157.5,172.5,165,157.5,165,150,157.5,150
Allocated Hours,,,68.1,48.75,51,177.53,186,15.6,15,10,0,0,0,0,0,0,0,0
Remaining,,,96.9,108.75,99,-27.53,-13.5,134.4,135,155,157.5,172.5,165,157.5,165,150,157.5,150
Technical,TASK_T0447,Completed,5,0,0,0,0,0,0,0,0,0,0,0,0,0,0,0
Technical,TASK_T0022,Completed,10,6,0,10,5,0,0,0,0,0,0,0,0,0,0,0
Technical,TASK_T0171,Completed,0.6,12.6,12,12,8,0,0,0,0,0,0,0,0,0,0,0
Technical,TASK_T0880,Completed,16.5,15.75,15,10,10,15,15,10,0,0,0,0,0,0,0,0
Technical,TASK_T0229,Completed,0,0,12,16,10,0.6,0,0,0,0,0,0,0,0,0,0
Technical,TASK_T0234,Completed,4,0,0,50,60,0,0,0,0,0,0,0,0,0,0,0
Technical,TASK_T0286,Completed,10,0,0,10,5,0,0,0,0,0,0,0,0,0,0,0
Technical,TASK_T0530,Completed,0,0,0,60,80,0,0,0,0,0,0,0,0,0,0,0
Technical,TASK_T0469,Completed,0,0,0,7.13,8,0,0,0,0,0,0,0,0,0,0,0
Technical,TASK_T0937,Completed,10,1.8,0,0,0,0,0,0,0,0,0,0,0,0,0,0
Technical,TASK_T0522,Completed,12,12.6,12,2.4,0,0,0,0,0,0,0,0,0,0,0,0
EMP_0507,,,,,,,,,,,,,,,,,,
Contracted Hours,,,165,157.5,150,150,172.5,150,150,165,157.5,172.5,165,157.5,165,150,157.5,150
Allocated Hours,,,123.75,118.13,37.5,37.5,43.13,37.5,37.5,41.25,0,0,0,0,0,0,0,0
Remaining,,,41.25,39.38,112.5,112.5,129.38,112.5,112.5,123.75,157.5,172.5,165,157.5,165,150,157.5,150
Technical,TASK_T0782,Completed,82.5,78.75,0,0,0,0,0,0,0,0,0,0,0,0,0,0
Technical,TASK_T0840,Completed,41.25,39.38,37.5,37.5,43.13,37.5,37.5,41.25,0,0,0,0,0,0,0,0
EMP_0528,,,,,,,,,,,,,,,,,,
Contracted Hours,,,165,157.5,150,150,172.5,150,150,165,157.5,172.5,165,157.5,165,150,157.5,150
Allocated Hours,,,169.5,158.63,150,150,172.5,142.5,142.5,107.25,102.38,112.13,0,0,0,0,0,0
Remaining,,,-4.5,-1.13,0,0,0,7.5,7.5,57.75,55.13,60.37,165,157.5,165,150,157.5,150
Technical,TASK_T0415,Completed,12.75,9,7.5,7.5,8.63,0,0,0,0,0,0,0,0,0,0,0
Technical,TASK_T0509,Completed,49.5,47.25,45,45,51.75,45,45,0,0,0,0,0,0,0,0,0
Technical,TASK_T0847,Completed,107.25,102.38,97.5,97.5,112.13,97.5,97.5,107.25,102.38,112.13,0,0,0,0,0,0
EMP_0650,,,,,,,,,,,,,,,,,,
Contracted Hours,,,165,157.5,150,150,172.5,150,150,165,157.5,172.5,165,157.5,165,150,157.5,150
Allocated Hours,,,198,189,150,198,241.5,210,210,231,220.5,241.5,231,220.5,231,210,220.5,210
Remaining,,,-33,-31.5,0,-48,-69,-60,-60,-66,-63,-69,-66,-63,-66,-60,-63,-60
Technical,TASK_T0704,Completed,33,31.5,0,0,0,0,0,0,0,0,0,0,0,0,0,0
Technical,,Completed,165,157.5,150,150,172.5,150,150,165,157.5,172.5,165,157.5,165,150,157.5,150
Technical,TASK_T0437,Completed,0,0,0,48,69,60,60,66,63,69,66,63,66,60,63,60
EMP_0727,,,,,,,,,,,,,,,,,,
Contracted Hours,,,165,157.5,150,150,172.5,150,150,165,157.5,172.5,165,157.5,165,150,157.5,150
Allocated Hours,,,173.37,141.86,150.11,153.71,177.8,154.5,154.5,169.95,159.07,174.23,166.65,159.07,166.65,94.5,99.22,94.5
Remaining,,,-8.37,15.64,-0.11,-3.71,-5.3,-4.5,-4.5,-4.95,-1.57,-1.73,-1.65,-1.57,-1.65,55.5,58.28,55.5
Technical,TASK_T0989,Completed,33,31.5,60,60,69,60,60,66,59.85,65.55,62.7,59.85,62.7,0,0,0
Technical,TASK_T0437,Completed,0,0,0,3.6,5.17,4.5,4.5,4.95,4.72,5.17,4.95,4.72,4.95,4.5,4.72,4.5
Technical,TASK_T0532,Completed,33,31.5,0,0,0,0,0,0,0,0,0,0,0,0,0,0
Technical,TASK_T0144,Completed,99,78.75,90,90,103.5,90,90,99,94.5,103.5,99,94.5,99,90,94.5,90
Technical,TASK_T0986,Completed,0.12,0.11,0.11,0.11,0.12,0,0,0,0,0,0,0,0,0,0,0
Technical,TASK_T0506,Completed,8.25,0,0,0,0,0,0,0,0,0,0,0,0,0,0,0
EMP_0100,,,,,,,,,,,,,,,,,,
Contracted Hours,,,165,157.5,150,150,172.5,150,150,165,157.5,172.5,165,157.5,165,150,157.5,150
Allocated Hours,,,204,196.88,150,150,172.5,150,150,165,157.5,172.5,165,0,0,0,0,0
Remaining,,,-39,-39.38,0,0,0,0,0,0,0,0,0,157.5,165,150,157.5,150
Technical,TASK_T0973,Completed,8.25,7.88,7.5,7.5,8.63,7.5,7.5,8.25,7.88,8.63,8.25,0,0,0,0,0
Technical,TASK_T0997,Completed,99,31.5,112.5,120,138,127.5,127.5,140.25,133.88,146.63,140.25,0,0,0,0,0
Technical,TASK_T0174,Completed,22.5,39.38,7.5,15,17.25,15,15,16.5,15.75,17.25,16.5,0,0,0,0,0
Technical,TASK_T0396,Completed,41.25,110.25,15,0,0,0,0,0,0,0,0,0,0,0,0,0
Technical,TASK_T0393,Completed,33,7.88,7.5,7.5,8.63,0,0,0,0,0,0,0,0,0,0,0
EMP_0233,,,,,,,,,,,,,,,,,,
Contracted Hours,,,165,157.5,150,150,172.5,150,150,165,157.5,172.5,165,157.5,165,150,157.5,150
Allocated Hours,,,67.42,89,105,121.05,146.4,28.82,19.05,0.75,0,0,0,0,0,0,0,0
Remaining,,,97.58,68.5,45,28.95,26.1,121.18,130.95,164.25,157.5,172.5,165,157.5,165,150,157.5,150
Technical,TASK_T0287,Completed,0,5,15,15,17.25,15,15,0.75,0,0,0,0,0,0,0,0
Technical,TASK_T0749,Completed,10,0,0,0,0,0,0,0,0,0,0,0,0,0,0,0
Technical,TASK_T0412,Completed,10,15,15,5,10,0,0,0,0,0,0,0,0,0,0,0
Technical,TASK_T0995,Completed,0,0,10,10,15,4.22,0,0,0,0,0,0,0,0,0,0
Technical,TASK_T0307,Completed,0,10,10,10,10,0,0,0,0,0,0,0,0,0,0,0
Technical,TASK_T0431,Completed,0,0,10,12,13.8,0.6,0,0,0,0,0,0,0,0,0,0
Technical,TASK_T0439,Completed,5,5,0,0,0,0,0,0,0,0,0,0,0,0,0,0
Technical,TASK_T0403,Completed,7.42,10,10,5,15,0,0,0,0,0,0,0,0,0,0,0
Technical,TASK_T0695,Completed,0,0,0,4.05,10.35,9,4.05,0,0,0,0,0,0,0,0,0
Technical,TASK_T0397,Completed,15,15,10,10,15,0,0,0,0,0,0,0,0,0,0,0
Technical,TASK_T0761,Completed,15,20,10,30,15,0,0,0,0,0,0,0,0,0,0,0
Technical,TASK_T0450,Completed,5,5,5,5,5,0,0,0,0,0,0,0,0,0,0,0
Technical,TASK_T0903,Completed,0,4,10,15,20,0,0,0,0,0,0,0,0,0,0,0
EMP_0641,,,,,,,,,,,,,,,,,,
Contracted Hours,,,165,157.5,150,75,86.25,75,75,82.5,78.75,86.25,82.5,78.75,82.5,75,78.75,75
Allocated Hours,,,129.97,139.2,75,0,0,0,0,0,0,0,0,0,0,0,0,0
Remaining,,,35.03,18.3,75,75,86.25,75,75,82.5,78.75,86.25,82.5,78.75,82.5,75,78.75,75
Technical,TASK_T0919,Completed,6.6,1.2,0,0,0,0,0,0,0,0,0,0,0,0,0,0
Technical,TASK_T0800,Completed,16.5,9.75,0,0,0,0,0,0,0,0,0,0,0,0,0,0
Technical,TASK_T0797,Completed,32.63,47.25,0,0,0,0,0,0,0,0,0,0,0,0,0,0
Technical,TASK_T0427,Completed,16.5,9.75,0,0,0,0,0,0,0,0,0,0,0,0,0,0
Technical,TASK_T0018,Completed,33,31.5,0,0,0,0,0,0,0,0,0,0,0,0,0,0
Technical,TASK_T0394,Completed,8.25,0,0,0,0,0,0,0,0,0,0,0,0,0,0,0
Technical,TASK_T0401,Completed,16.5,9.75,0,0,0,0,0,0,0,0,0,0,0,0,0,0
Technical,TASK_T0740,Completed,0,30,75,0,0,0,0,0,0,0,0,0,0,0,0,0
EMP_0015,,,,,,,,,,,,,,,,,,
Contracted Hours,,,165,157.5,150,150,172.5,150,150,165,157.5,172.5,165,157.5,165,150,157.5,150
Allocated Hours,,,165,157.5,105,0,0,0,0,0,0,0,0,0,0,0,0,0
Remaining,,,0,0,45,150,172.5,150,150,165,157.5,172.5,165,157.5,165,150,157.5,150
Technical,,Completed,165,157.5,105,0,0,0,0,0,0,0,0,0,0,0,0,0
EMP_0294,,,,,,,,,,,,,,,,,,
Contracted Hours,,,165,82.5,150,150,172.5,150,150,165,157.5,172.5,165,157.5,165,150,157.5,150
Allocated Hours,,,165,135,0,0,0,0,15,16.5,0,0,0,0,0,0,0,0
Remaining,,,0,-52.5,150,150,172.5,150,135,148.5,157.5,172.5,165,157.5,165,150,157.5,150
Technical,TASK_T0782,Completed,165,135,0,0,0,0,0,0,0,0,0,0,0,0,0,0
Technical,TASK_T0516,Completed,0,0,0,0,0,0,15,16.5,0,0,0,0,0,0,0,0
EMP_0029,,,,,,,,,,,,,,,,,,
Contracted Hours,,,165,157.5,150,150,172.5,150,150,165,157.5,172.5,165,157.5,165,150,157.5,150
Allocated Hours,,,183.85,157.07,110.61,143.08,182.37,147.75,128.65,113.65,74.25,74.25,74.25,74.25,63,63,0,0
Remaining,,,-18.85,0.43,39.39,6.92,-9.87,2.25,21.35,51.35,83.25,98.25,90.75,83.25,102,87,157.5,150
Technical,TASK_T0593,Completed,15,15,7.5,0,0,0,0,0,0,0,0,0,0,0,0,0
Technical,TASK_T0666,Completed,19.29,23.67,5.8,7.5,22.9,22.9,22.9,22.9,0,0,0,0,0,0,0,0
Technical,TASK_T0627,Completed,8.25,7.9,7.5,0,0,0,0,0,0,0,0,0,0,0,0,0
Technical,TASK_T0607,Completed,0,0,0,16.5,16.5,16.5,16.5,16.5,0,0,0,0,0,0,0,0
Technical,TASK_T0651,Completed,1.56,7.5,1.42,0,0,0,0,0,0,0,0,0,0,0,0,0
Technical,TASK_T0587,Completed,0,0,0,7.5,6.9,3,0,0,0,0,0,0,0,0,0,0
Technical,TASK_T0669,Completed,0,0,0,0,33,78,78,63,63,63,63,63,63,63,0,0
Technical,TASK_T0598,Completed,26.4,25.2,18.9,24,27.6,0,0,0,0,0,0,0,0,0,0,0
Technical,TASK_T0626,Completed,0,0,0,2.5,0,0,0,0,0,0,0,0,0,0,0,0
Technical,TASK_T0643,Completed,3.75,7.5,0.9,0.9,0.9,0,0,0,0,0,0,0,0,0,0,0
Technical,TASK_T0662,Completed,8.3,7.9,15,4.7,4.7,4.7,0,0,0,0,0,0,0,0,0,0
Technical,TASK_T0614,Completed,0,11.25,22.5,22.5,14.63,0,0,0,0,0,0,0,0,0,0,0
Technical,TASK_T0610,Completed,79.6,41,10,50,35,0,0,0,0,0,0,0,0,0,0,0
Technical,TASK_T0594,Completed,7.5,3.75,7.5,0,0,0,0,0,0,0,0,0,0,0,0,0
Technical,TASK_T0613,Completed,7.5,0,7.5,6.98,8.02,0,0,0,0,0,0,0,0,0,0,0
Technical,TASK_T0638,Completed,6.7,6.4,6.09,0,0,0,0,0,0,0,0,0,0,0,0,0
Technical,TASK_T0615,Partial,0,0,0,0,8.63,0,0,0,0,0,0,0,0,0,0,0
Technical,TASK_T0617,Partial,0,0,0,0,3.6,11.4,0,0,0,0,0,0,0,0,0,0
Technical,TASK_T0667,Partial,0,0,0,0,0,11.25,11.25,11.25,11.25,11.25,11.25,11.25,0,0,0,0
EMP_0121,,,,,,,,,,,,,,,,,,
Contracted Hours,,,165,157.5,150,150,172.5,150,150,165,157.5,172.5,165,157.5,165,150,157.5,150
Allocated Hours,,,110.55,105.52,16.5,12.9,5.17,4.5,4.5,0,0,0,0,0,0,0,0,0
Remaining,,,54.45,51.98,133.5,137.1,167.32,145.5,145.5,165,157.5,172.5,165,157.5,165,150,157.5,150
Technical,TASK_T0564,Completed,4.95,4.72,4.5,4.5,5.17,4.5,4.5,0,0,0,0,0,0,0,0,0
Technical,TASK_T0749,Completed,9.9,9.45,0,0,0,0,0,0,0,0,0,0,0,0,0,0
Technical,TASK_T0302,Completed,82.5,78.75,0,0,0,0,0,0,0,0,0,0,0,0,0,0
Technical,TASK_T0401,Completed,13.2,12.6,12,8.4,0,0,0,0,0,0,0,0,0,0,0,0
EMP_0060,,,,,,,,,,,,,,,,,,
Contracted Hours,,,165,157.5,150,150,172.5,150,150,165,157.5,172.5,165,157.5,165,150,157.5,150
Allocated Hours,,,90.83,47.7,153.87,115.04,48.77,25.34,4.05,0,0,0,0,0,0,0,0,0
Remaining,,,74.17,109.8,-3.87,34.96,123.73,124.66,145.95,165,157.5,172.5,165,157.5,165,150,157.5,150
Technical,TASK_T0177,Completed,0,0,4,4,0,0,0,0,0,0,0,0,0,0,0,0
Technical,TASK_T0855,Completed,4,0,0,0,0,0,0,0,0,0,0,0,0,0,0,0
Technical,TASK_T0948,Completed,11.56,11.03,8,4,0,0,0,0,0,0,0,0,0,0,0,0
Technical,TASK_T0748,Completed,9.9,0.45,10,4,0,0,0,0,0,0,0,0,0,0,0,0
Technical,TASK_T0053,Completed,0,0,4.73,10.51,12.08,5.78,0,0,0,0,0,0,0,0,0,0
Technical,TASK_T0743,Completed,10,0,15,10,0,0,0,0,0,0,0,0,0,0,0,0
Technical,TASK_T0402,Completed,6,0,20,10,0,0,0,0,0,0,0,0,0,0,0,0
Technical,TASK_T0143,Completed,0,0,0,4.05,10.35,9,4.05,0,0,0,0,0,0,0,0,0
Technical,TASK_T0902,Completed,11.55,5.78,20,14,0,0,0,0,0,0,0,0,0,0,0,0
Technical,TASK_T0058,Completed,0,0,4,0,0,0,0,0,0,0,0,0,0,0,0,0
Technical,,Completed,0,0,15,13.5,15.52,4.72,0,0,0,0,0,0,0,0,0,0
Technical,TASK_T0482,Completed,9,9,4,4,0,0,0,0,0,0,0,0,0,0,0,0
Technical,TASK_T0856,Completed,15,0,6,4,0,0,0,0,0,0,0,0,0,0,0,0
Technical,TASK_T0172,Completed,0,10.16,20,12,0.48,0,0,0,0,0,0,0,0,0,0,0
Technical,TASK_T0309,Completed,11.82,11.28,8,4,0,0,0,0,0,0,0,0,0,0,0,0
Technical,TASK_T0852,Completed,0,0,3.14,8.98,10.33,5.84,0,0,0,0,0,0,0,0,0,0
Technical,TASK_T0005,Completed,2,0,2,4,0,0,0,0,0,0,0,0,0,0,0,0
Technical,TASK_T0918,Completed,0,0,6,0,0,0,0,0,0,0,0,0,0,0,0,0
Technical,TASK_T0178,Completed,0,0,4,4,0,0,0,0,0,0,0,0,0,0,0,0
EMP_0653,,,,,,,,,,,,,,,,,,
Contracted Hours,,,165,157.5,150,150,172.5,150,150,165,157.5,172.5,165,157.5,165,150,157.5,150
Allocated Hours,,,113.02,100.86,89.72,126.23,128.08,103.87,77.3,21,0,0,0,0,0,0,0,0
Remaining,,,51.98,56.64,60.28,23.77,44.42,46.13,72.7,144,157.5,172.5,165,157.5,165,150,157.5,150
Technical,TASK_T0170,Completed,10.78,10.29,9.8,9.8,11.27,9.8,9.8,0,0,0,0,0,0,0,0,0
Technical,TASK_T0827,Completed,0,0,0,52.5,60.38,52.5,52.5,21,0,0,0,0,0,0,0,0
Technical,TASK_T0055,Completed,26.6,15.06,14.34,0,0,0,0,0,0,0,0,0,0,0,0,0
Technical,TASK_T0828,Completed,3.3,17.33,16.51,14.86,0,0,0,0,0,0,0,0,0,0,0,0
Technical,TASK_T0472,Completed,8.38,8,7.62,7.62,8.76,7.62,0,0,0,0,0,0,0,0,0,0
Technical,TASK_T0811,Completed,12.6,12.02,11.45,11.45,13.17,11.45,0,0,0,0,0,0,0,0,0,0
Technical,TASK_T0059,Completed,16.5,15.75,15,15,17.25,7.5,0,0,0,0,0,0,0,0,0,0
Technical,TASK_T0847,Completed,0,0,15,15,17.25,15,15,0,0,0,0,0,0,0,0,0
Technical,TASK_T0453,Completed,1.97,0,0,0,0,0,0,0,0,0,0,0,0,0,0,0
Technical,TASK_T0133,Completed,13.1,12.5,0,0,0,0,0,0,0,0,0,0,0,0,0,0
Technical,TASK_T0062,Completed,19.8,9.9,0,0,0,0,0,0,0,0,0,0,0,0,0,0
EMP_0069,,,,,,,,,,,,,,,,,,
Contracted Hours,,,165,157.5,150,150,172.5,150,150,165,157.5,172.5,165,157.5,165,150,157.5,150
Allocated Hours,,,99,133.5,58.5,75,86.25,61.5,45,49.5,47.25,51.75,0,0,0,0,0,0
Remaining,,,66,24,91.5,75,86.25,88.5,105,115.5,110.25,120.75,165,157.5,165,150,157.5,150
Technical,TASK_T0151,Completed,0,58.5,45,45,51.75,45,45,49.5,47.25,51.75,0,0,0,0,0,0
Technical,TASK_T0053,Completed,0,0,13.5,30,34.5,16.5,0,0,0,0,0,0,0,0,0,0
Technical,TASK_T0901,Completed,16.5,6,0,0,0,0,0,0,0,0,0,0,0,0,0,0
Technical,TASK_T0937,Completed,33,31.5,0,0,0,0,0,0,0,0,0,0,0,0,0,0
Technical,TASK_T0891,Completed,16.5,6,0,0,0,0,0,0,0,0,0,0,0,0,0,0
Technical,TASK_T0899,Partial,33,31.5,0,0,0,0,0,0,0,0,0,0,0,0,0,0
EMP_0047,,,,,,,,,,,,,,,,,,
Contracted Hours,,,165,112.5,150,150,172.5,150,150,165,157.5,172.5,165,157.5,165,150,157.5,150
Allocated Hours,,,121.5,140.63,150,150,172.5,157.5,157.5,173.25,165.38,181.13,173.25,7.88,8.25,7.5,0,0
Remaining,,,43.5,-28.13,0,0,0,-7.5,-7.5,-8.25,-7.88,-8.63,-8.25,149.63,156.75,142.5,157.5,150
Technical,TASK_T0973,Completed,8.25,5.63,7.5,7.5,8.63,7.5,7.5,8.25,7.88,8.63,8.25,0,0,0,0,0
Technical,TASK_T0997,Completed,16.5,11.25,90,97.5,129.38,127.5,127.5,140.25,133.88,146.63,140.25,0,0,0,0,0
Technical,TASK_T0174,Completed,22.5,28.13,7.5,15,17.25,15,15,16.5,15.75,17.25,16.5,0,0,0,0,0
Technical,TASK_T0396,Completed,41.25,73.13,15,0,0,0,0,0,0,0,0,0,0,0,0,0
Technical,TASK_T0393,Completed,33,22.5,30,30,17.25,7.5,7.5,8.25,7.88,8.63,8.25,7.88,8.25,7.5,0,0
EMP_0481,,,,,,,,,,,,,,,,,,
Contracted Hours,,,165,105,142.5,150,172.5,150,150,165,157.5,172.5,165,157.5,165,150,157.5,150
Allocated Hours,,,79.11,55.92,89.39,140.53,173.98,123.92,41.96,33,0,0,0,0,0,0,0,0
Remaining,,,85.89,49.08,53.11,9.47,-1.48,26.08,108.04,132,157.5,172.5,165,157.5,165,150,157.5,150
Technical,TASK_T0507,Completed,0,0,3.38,22.5,25.88,19.13,0,0,0,0,0,0,0,0,0,0
Technical,TASK_T0504,Completed,0,1.88,7.13,7.5,8.63,0.38,0,0,0,0,0,0,0,0,0,0
Technical,TASK_T0982,Completed,0,0,10.5,15,17.25,5.25,0,0,0,0,0,0,0,0,0,0
Technical,TASK_T0031,Completed,0,0,0,8.1,20.7,17.1,8.1,0,0,0,0,0,0,0,0,0
Technical,TASK_T0520,Completed,1.27,1.05,1.42,1.5,1.73,1.5,1.5,0,0,0,0,0,0,0,0,0
Technical,TASK_T0018,Completed,26.7,16.99,29.28,45,51.75,45,0,0,0,0,0,0,0,0,0,0
Technical,TASK_T0851,Completed,33.92,21.58,28.5,30,34.5,30,30,33,0,0,0,0,0,0,0,0
Technical,TASK_T0001,Completed,0,0.6,1.43,1.5,1.73,1.5,0,0,0,0,0,0,0,0,0,0
Technical,TASK_T0788,Completed,0,0,0,3.43,4.93,4.07,2.36,0,0,0,0,0,0,0,0,0
Technical,TASK_T0392,Completed,15.12,9.62,2.06,0,0,0,0,0,0,0,0,0,0,0,0,0
Technical,TASK_T0757,Completed,2.1,4.2,5.7,6,6.9,0,0,0,0,0,0,0,0,0,0,0
EMP_0155,,,,,,,,,,,,,,,,,,
Contracted Hours,,,165,157.5,150,150,172.5,150,150,165,157.5,172.5,165,157.5,165,150,157.5,150
Allocated Hours,,,41.74,44.6,33,12,0,0,0,0,0,0,0,0,0,0,0,0
Remaining,,,123.26,112.9,117,138,172.5,150,150,165,157.5,172.5,165,157.5,165,150,157.5,150
Technical,TASK_T0423,Completed,6,15.75,15,10.5,0,0,0,0,0,0,0,0,0,0,0,0
Technical,TASK_T0255,Completed,20.74,13.1,3,0,0,0,0,0,0,0,0,0,0,0,0,0
Technical,TASK_T0522,Completed,15,15.75,15,1.5,0,0,0,0,0,0,0,0,0,0,0,0
,,,,,,,,,,,,,,,,,,
Contracted Hours,,,165,157.5,150,150,172.5,150,150,165,157.5,172.5,165,157.5,165,150,157.5,150
Allocated Hours,,,204.3,132.38,135,142.5,163.88,105,105,99,78.75,0,0,0,0,0,70.88,67.5
Remaining,,,-39.3,25.13,15,7.5,8.63,45,45,66,78.75,172.5,165,157.5,165,150,86.63,82.5
Technical,TASK_T0508,Completed,49.5,7.88,7.5,15,17.25,15,15,0,0,0,0,0,0,0,0,0
Technical,TASK_T0855,Completed,24.75,7.88,15,7.5,8.63,7.5,7.5,8.25,7.88,0,0,0,0,0,0,0
Technical,TASK_T0979,Completed,11.25,7.88,15,7.5,8.63,0,0,0,0,0,0,0,0,0,0,0
Technical,TASK_T0737,Completed,8.25,7.88,0,0,0,0,0,0,0,0,0,0,0,0,0,0
Technical,TASK_T0780,Completed,0,0,0,45,51.75,0,0,0,0,0,0,0,0,0,0,0
Technical,TASK_T0992,Completed,99,63,60,60,69,75,75,82.5,63,0,0,0,0,0,0,0
Technical,TASK_T0437,Completed,0,0,0,0,0,0,0,0,0,0,0,0,0,0,70.88,67.5
Technical,TASK_T0557,Completed,11.55,7.88,7.5,7.5,8.63,7.5,7.5,8.25,7.88,0,0,0,0,0,0,0
Technical,TASK_T0740,Completed,0,30,30,0,0,0,0,0,0,0,0,0,0,0,0,0
EMP_0194,,,,,,,,,,,,,,,,,,
Contracted Hours,,,165,157.5,150,150,172.5,150,150,165,157.5,172.5,165,157.5,165,150,157.5,150
Allocated Hours,,,42.9,25.27,0,25.5,29.32,25.5,25.5,28.05,0,0,0,0,0,0,0,0
Remaining,,,122.1,132.22,150,124.5,143.18,124.5,124.5,136.95,157.5,172.5,165,157.5,165,150,157.5,150
Technical,TASK_T0002,Completed,18.15,1.65,0,0,0,0,0,0,0,0,0,0,0,0,0,0
Technical,TASK_T0920,Completed,0,0,0,25.5,29.32,25.5,25.5,28.05,0,0,0,0,0,0,0,0
Technical,TASK_T0009,Completed,24.75,23.63,0,0,0,0,0,0,0,0,0,0,0,0,0,0
EMP_0300,,,,,,,,,,,,,,,,,,
Contracted Hours,,,165,157.5,150,150,172.5,150,150,165,157.5,172.5,165,157.5,165,150,157.5,150
Allocated Hours,,,165,161.55,4.5,4.5,3.15,0,0,0,0,0,0,0,0,0,0,0
Remaining,,,0,-4.05,145.5,145.5,169.35,150,150,165,157.5,172.5,165,157.5,165,150,157.5,150
Technical,TASK_T0400,Completed,0,4.05,4.5,4.5,3.15,0,0,0,0,0,0,0,0,0,0,0
Technical,TASK_T0956,Completed,165,157.5,0,0,0,0,0,0,0,0,0,0,0,0,0,0
EMP_0759,,,,,,,,,,,,,,,,,,
Contracted Hours,,,165,157.5,150,150,172.5,150,150,165,157.5,172.5,165,157.5,165,150,157.5,150
Allocated Hours,,,316.28,262.53,250.03,250.03,196.11,170.53,170.53,176.29,157.5,0,0,0,0,0,0,0
Remaining,,,-151.28,-105.03,-100.03,-100.03,-23.61,-20.53,-20.53,-11.29,0,172.5,165,157.5,165,150,157.5,150
Technical,TASK_T0484,Completed,41.25,0,0,0,0,0,0,0,0,0,0,0,0,0,0,0
Technical,TASK_T0847,Completed,22.58,21.55,20.53,20.53,23.61,20.53,20.53,11.29,0,0,0,0,0,0,0,0
Technical,TASK_T0849,Completed,165,157.5,150,150,172.5,150,150,165,157.5,0,0,0,0,0,0,0
Technical,TASK_T0854,Completed,87.45,83.47,79.5,79.5,0,0,0,0,0,0,0,0,0,0,0,0
EMP_0212,,,,,,,,,,,,,,,,,,
Contracted Hours,,,165,157.5,150,150,172.5,150,150,165,157.5,172.5,165,157.5,165,150,157.5,150
Allocated Hours,,,214.5,204.75,150,150,172.5,150,150,165,157.5,172.5,165,157.5,165,150,0,0
Remaining,,,-49.5,-47.25,0,0,0,0,0,0,0,0,0,0,0,0,157.5,150
Technical,TASK_T0690,Completed,49.5,47.25,0,0,0,0,0,0,0,0,0,0,0,0,0,0
Technical,TASK_T0740,Completed,165,157.5,150,150,172.5,150,150,165,157.5,172.5,165,157.5,165,150,0,0
EMP_0040,,,,,,,,,,,,,,,,,,
Contracted Hours,,,165,157.5,150,150,172.5,150,150,165,157.5,172.5,165,157.5,165,150,157.5,150
Allocated Hours,,,206.25,196.88,112.5,112.5,129.38,112.5,112.5,123.75,78.75,86.25,82.5,78.75,82.5,75,0,0
Remaining,,,-41.25,-39.38,37.5,37.5,43.13,37.5,37.5,41.25,78.75,86.25,82.5,78.75,82.5,75,157.5,150
Technical,TASK_T0782,Completed,82.5,78.75,0,0,0,0,0,0,0,0,0,0,0,0,0,0
Technical,TASK_T0214,Completed,82.5,78.75,75,75,86.25,75,75,82.5,78.75,86.25,82.5,78.75,82.5,75,0,0
Technical,TASK_T0840,Completed,41.25,39.38,37.5,37.5,43.13,37.5,37.5,41.25,0,0,0,0,0,0,0,0
EMP_0223,,,,,,,,,,,,,,,,,,
Contracted Hours,,,165,157.5,150,150,172.5,150,150,165,157.5,172.5,165,157.5,165,150,157.5,150
Allocated Hours,,,211.2,162.75,132.38,141.68,162.45,113.92,100.28,90.75,78.75,86.25,82.5,78.75,82.5,75,39.38,37.5
Remaining,,,-46.2,-5.25,17.63,8.32,10.05,36.08,49.72,74.25,78.75,86.25,82.5,78.75,82.5,75,118.13,112.5
Technical,,Completed,0,0,0,3.67,12.07,10.5,5.78,0,0,0,0,0,0,0,0,0
Technical,TASK_T0243,Completed,0,0,1.57,10.5,12.07,8.93,0,0,0,0,0,0,0,0,0,0
Technical,TASK_T0033,Completed,82.5,23.63,0,0,0,0,0,0,0,0,0,0,0,0,0,0
Technical,,Completed,0,3.67,10.5,10.5,7.35,0,0,0,0,0,0,0,0,0,0,0
Technical,TASK_T0873,Completed,16.5,15.75,4.5,4.5,5.17,0,0,0,0,0,0,0,0,0,0,0
Technical,TASK_T0699,Completed,4.95,4.72,4.5,0,0,0,0,0,0,0,0,0,0,0,0,0
Technical,TASK_T0700,Completed,0,9.45,15,15,17.25,15,15,16.5,15.75,17.25,16.5,15.75,16.5,15,0,0
Technical,TASK_T0687,Completed,33,31.5,30,30,34.5,30,30,33,23.63,25.88,24.75,23.63,24.75,22.5,39.38,37.5
Technical,TASK_T0777,Completed,9.9,9.45,4.5,4.5,5.17,0,0,0,0,0,0,0,0,0,0,0
Technical,TASK_T0256,Completed,0,3.15,4.5,4.5,1.57,0,0,0,0,0,0,0,0,0,0,0
Technical,TASK_T0257,Completed,4.95,4.72,4.5,4.5,5.17,0,0,0,0,0,0,0,0,0,0,0
Technical,TASK_T0021,Completed,0,0,10.8,12,13.8,12,12,0,0,0,0,0,0,0,0,0
Technical,TASK_T0027,Completed,49.5,47.25,37.5,37.5,43.13,37.5,37.5,41.25,39.38,43.13,41.25,39.38,41.25,37.5,0,0
Technical,TASK_T0233,Completed,9.9,9.45,4.5,4.5,5.17,0,0,0,0,0,0,0,0,0,0,0
EMP_0138,,,,,,,,,,,,,,,,,,
Contracted Hours,,,165,157.5,150,150,172.5,150,150,165,157.5,172.5,165,157.5,165,150,157.5,150
Allocated Hours,,,126.89,230.66,282,274.78,284.72,247.58,174.89,192.38,183.64,201.13,192.38,151.2,158.4,144,151.2,144
Remaining,,,38.11,-73.16,-132,-124.78,-112.22,-97.58,-24.89,-27.38,-26.14,-28.63,-27.38,6.3,6.6,6,6.3,6
Technical,TASK_T0151,Completed,0,93.6,144,144,165.6,144,144,158.4,151.2,165.6,158.4,151.2,158.4,144,151.2,144
Technical,TASK_T0921,Completed,17.6,18,16.8,3.2,0,0,0,0,0,0,0,0,0,0,0,0
Technical,TASK_T0927,Completed,18.54,32.44,30.89,30.89,35.53,30.89,30.89,33.98,32.44,35.53,33.98,0,0,0,0,0
Technical,TASK_T0234,Completed,31.35,29.93,28.5,28.5,32.78,28.5,0,0,0,0,0,0,0,0,0,0
Technical,TASK_T0847,Completed,26.4,25.2,24,24,0,0,0,0,0,0,0,0,0,0,0,0
Technical,TASK_T0871,Completed,0,0,7.8,14.19,16.32,14.19,0,0,0,0,0,0,0,0,0,0
Technical,TASK_T0746,Completed,33,31.5,30,30,34.5,30,0,0,0,0,0,0,0,0,0,0
EMP_0509,,,,,,,,,,,,,,,,,,
Contracted Hours,,,165,157.5,150,150,172.5,150,150,165,157.5,172.5,165,157.5,165,150,157.5,150
Allocated Hours,,,165,157.5,150,150,172.5,150,150,165,157.5,172.5,165,157.5,165,150,0,0
Remaining,,,0,0,0,0,0,0,0,0,0,0,0,0,0,0,157.5,150
Technical,TASK_T0888,Completed,165,126,0,0,0,0,0,0,0,0,0,0,0,0,0,0
Technical,TASK_T0690,Completed,0,31.5,150,150,172.5,150,150,165,157.5,172.5,165,157.5,165,150,0,0
EMP_0016,,,,,,,,,,,,,,,,,,
Contracted Hours,,,165,157.5,150,150,172.5,150,150,165,157.5,172.5,165,157.5,165,150,157.5,150
Allocated Hours,,,158.25,173.63,165,261.38,289.88,292.5,279.75,43.5,0,0,0,157.5,165,150,157.5,150
Remaining,,,6.75,-16.13,-15,-111.38,-117.38,-142.5,-129.75,121.5,157.5,172.5,165,0,0,0,0,0
Technical,TASK_T0724,Completed,0,0,0,0,5.25,7.5,6,0,0,0,0,0,0,0,0,0
Technical,TASK_T0863,Completed,18,16.5,0,37.5,43.13,37.5,37.5,0,0,0,0,0,0,0,0,0
Technical,TASK_T0059,Completed,41.25,18.75,0,37.5,43.13,75,75,0,0,0,0,0,0,0,0,0
Technical,TASK_T0572,Completed,24.75,11.25,0,0,0,0,0,0,0,0,0,0,0,0,0,0
Technical,TASK_T0242,Completed,0,0,0,37.5,43.13,37.5,26.25,0,0,0,0,0,0,0,0,0
Technical,TASK_T0862,Completed,33,16.5,0,30,43.13,37.5,37.5,0,0,0,0,0,0,0,0,0
Technical,TASK_T0523,Completed,24.75,12.38,0,21.38,0,0,0,0,0,0,0,0,0,0,0,0
Technical,TASK_T0401,Completed,0,0,0,67.5,77.63,67.5,67.5,27,0,0,0,0,0,0,0,0
Technical,TASK_T0024,Completed,16.5,15.75,15,0,0,0,0,0,0,0,0,0,0,0,0,0
Technical,TASK_T0740,Completed,0,82.5,150,0,0,0,0,0,0,0,0,0,0,0,0,0
Technical,TASK_T0397,Partial,0,0,0,0,0,0,0,0,0,0,0,157.5,165,150,157.5,150
Technical,TASK_T0526,Partial,0,0,0,30,34.5,30,30,16.5,0,0,0,0,0,0,0,0
EMP_0444,,,,,,,,,,,,,,,,,,
Contracted Hours,,,165,157.5,150,150,172.5,150,150,165,157.5,172.5,165,157.5,165,150,157.5,150
Allocated Hours,,,181.5,173.25,183.75,143.1,165.6,234,150,165,157.5,0,0,0,0,0,0,0
Remaining,,,-16.5,-15.75,-33.75,6.9,6.9,-84,0,0,0,172.5,165,157.5,165,150,157.5,150
Technical,TASK_T0446,Completed,66,63,30,60,69,150,150,165,157.5,0,0,0,0,0,0,0
Technical,TASK_T0312,Completed,33,31.5,0,0,0,0,0,0,0,0,0,0,0,0,0,0
Technical,TASK_T0484,Completed,82.5,78.75,30,0,0,0,0,0,0,0,0,0,0,0,0,0
Technical,TASK_T0474,Completed,0,0,41.25,75,86.25,75,0,0,0,0,0,0,0,0,0,0
Technical,TASK_T0459,Completed,0,0,0,8.1,10.35,9,0,0,0,0,0,0,0,0,0,0
Technical,TASK_T0740,Completed,0,0,82.5,0,0,0,0,0,0,0,0,0,0,0,0,0
EMP_0794,,,,,,,,,,,,,,,,,,
Contracted Hours,,,165,157.5,150,150,15,0,0,0,0,0,0,0,0,0,0,0
Allocated Hours,,,115.5,110.25,105,105,120.75,105,105,0,0,0,0,0,0,0,0,0
Remaining,,,49.5,47.25,45,45,-105.75,-105,-105,0,0,0,0,0,0,0,0,0
Technical,TASK_T0844,Completed,115.5,110.25,105,105,120.75,105,105,0,0,0,0,0,0,0,0,0
EMP_0753,,,,,,,,,,,,,,,,,,
Contracted Hours,,,165,157.5,150,150,172.5,150,150,165,157.5,172.5,165,157.5,165,150,157.5,150
Allocated Hours,,,165,157.5,150,222,276,240,240,264,252,276,264,252,259.5,150,0,0
Remaining,,,0,0,0,-72,-103.5,-90,-90,-99,-94.5,-103.5,-99,-94.5,-94.5,0,157.5,150
Technical,TASK_T0844,Completed,165,157.5,150,150,172.5,150,150,165,157.5,172.5,165,157.5,165,150,0,0
Technical,TASK_T0986,Completed,0,0,0,72,103.5,90,90,99,94.5,103.5,99,94.5,94.5,0,0,0
EMP_0674,,,,,,,,,,,,,,,,,,
Contracted Hours,,,165,157.5,150,150,172.5,150,150,165,157.5,172.5,165,157.5,165,150,157.5,150
Allocated Hours,,,165,157.5,105,0,0,0,0,0,0,0,0,0,0,0,0,0
Remaining,,,0,0,45,150,172.5,150,150,165,157.5,172.5,165,157.5,165,150,157.5,150
Technical,,Completed,165,157.5,105,0,0,0,0,0,0,0,0,0,0,0,0,0
EMP_0017,,,,,,,,,,,,,,,,,,
Contracted Hours,,,165,157.5,150,150,172.5,150,150,165,157.5,172.5,165,157.5,165,150,157.5,150
Allocated Hours,,,181.5,173.25,135,166.5,198.38,172.5,172.5,189.75,133.88,146.63,140.25,133.88,140.25,127.5,31.5,30
Remaining,,,-16.5,-15.75,15,-16.5,-25.88,-22.5,-22.5,-24.75,23.63,25.88,24.75,23.63,24.75,22.5,126,120
Technical,TASK_T0733,Completed,0,0,0,7.5,8.63,7.5,7.5,8.25,7.88,8.63,8.25,7.88,8.25,7.5,0,0
Technical,TASK_T0844,Completed,132,126,90,90,103.5,90,90,99,94.5,103.5,99,94.5,99,90,0,0
Technical,TASK_T0437,Completed,0,0,0,24,34.5,30,30,33,31.5,34.5,33,31.5,33,30,31.5,30
Technical,TASK_T0030,Completed,33,31.5,30,30,34.5,30,30,33,0,0,0,0,0,0,0,0
Technical,TASK_T0226,Completed,16.5,15.75,15,15,17.25,15,15,16.5,0,0,0,0,0,0,0,0
EMP_0216,,,,,,,,,,,,,,,,,,
Contracted Hours,,,165,157.5,150,150,172.5,150,150,165,157.5,172.5,165,157.5,165,150,157.5,150
Allocated Hours,,,165,157.5,105,60,69,60,81,89.1,85.05,93.15,89.1,75.6,79.2,72,75.6,72
Remaining,,,0,0,45,90,103.5,90,69,75.9,72.45,79.35,75.9,81.9,85.8,78,81.9,78
Technical,TASK_T0690,Completed,99,94.5,45,0,0,0,0,0,0,0,0,0,0,0,0,0
Technical,TASK_T0546,Completed,66,63,60,60,69,60,0,0,0,0,0,0,0,0,0,0
Technical,TASK_T0157,Completed,0,0,0,0,0,0,81,89.1,85.05,93.15,89.1,75.6,79.2,72,75.6,72
EMP_0415,,,,,,,,,,,,,,,,,,
Contracted Hours,,,132,126,120,120,138,120,120,132,126,138,132,126,132,120,126,120
Allocated Hours,,,130.5,126,141.75,127.5,146.63,127.5,127.5,140.25,133.88,146.63,140.25,133.88,140.25,127.5,39.38,37.5
Remaining,,,1.5,0,-21.75,-7.5,-8.62,-7.5,-7.5,-8.25,-7.88,-8.62,-8.25,-7.88,-8.25,-7.5,86.63,82.5
Technical,,Completed,49.5,47.25,30,30,34.5,30,30,33,31.5,34.5,33,31.5,33,30,0,0
Technical,TASK_T0148,Completed,31.5,31.5,37.5,37.5,43.13,37.5,37.5,41.25,39.38,43.13,41.25,39.38,41.25,37.5,39.38,37.5
Technical,,Completed,49.5,47.25,44.25,30,34.5,30,30,33,31.5,34.5,33,31.5,33,30,0,0
Technical,,Completed,0,0,30,30,34.5,30,30,33,31.5,34.5,33,31.5,33,30,0,0
EMP_0480,,,,,,,,,,,,,,,,,,
Contracted Hours,,,165,157.5,150,150,172.5,150,150,165,157.5,172.5,165,157.5,165,150,157.5,150
Allocated Hours,,,216,220.5,37.5,157.5,181.13,142.5,187.5,206.25,196.88,0,0,0,0,0,0,0
Remaining,,,-51,-63,112.5,-7.5,-8.63,7.5,-37.5,-41.25,-39.38,172.5,165,157.5,165,150,157.5,150
Technical,TASK_T0849,Completed,165,157.5,0,105,120.75,105,150,165,157.5,0,0,0,0,0,0,0
Technical,TASK_T0443,Completed,33,31.5,37.5,37.5,43.13,37.5,37.5,41.25,39.38,0,0,0,0,0,0,0
Technical,TASK_T0444,Completed,18,31.5,0,0,0,0,0,0,0,0,0,0,0,0,0,0
Technical,TASK_T0445,Completed,0,0,0,15,17.25,0,0,0,0,0,0,0,0,0,0,0
EMP_0018,,,,,,,,,,,,,,,,,,
Contracted Hours,,,165,157.5,150,150,172.5,150,150,165,157.5,172.5,165,157.5,165,150,157.5,150
Allocated Hours,,,165,157.5,105,0,0,0,0,0,0,0,0,0,0,0,0,0
Remaining,,,0,0,45,150,172.5,150,150,165,157.5,172.5,165,157.5,165,150,157.5,150
Technical,,Completed,165,157.5,105,0,0,0,0,0,0,0,0,0,0,0,0,0
EMP_0457,,,,,,,,,,,,,,,,,,
Contracted Hours,,,165,157.5,150,150,172.5,150,150,165,157.5,172.5,165,157.5,165,150,157.5,150
Allocated Hours,,,212.55,191.25,171,142.5,163.88,142.5,135,148.5,141.75,155.25,115.5,105,0,0,0,0
Remaining,,,-47.55,-33.75,-21,7.5,8.63,7.5,15,16.5,15.75,17.25,49.5,52.5,165,150,157.5,150
Technical,TASK_T0863,Completed,16.5,7.5,0,0,0,0,0,0,0,0,0,0,0,0,0,0
Technical,TASK_T0415,Completed,33,31.5,28.5,0,0,0,0,0,0,0,0,0,0,0,0,0
Technical,TASK_T0890,Completed,115.5,110.25,105,105,120.75,105,105,115.5,110.25,120.75,115.5,105,0,0,0,0
Technical,TASK_T0862,Completed,11.55,10.5,0,0,0,0,0,0,0,0,0,0,0,0,0,0
Technical,TASK_T0144,Completed,33,31.5,30,30,34.5,30,30,33,31.5,34.5,0,0,0,0,0,0
Technical,TASK_T0210,Completed,3,0,0,0,0,0,0,0,0,0,0,0,0,0,0,0
Technical,TASK_T0947,Completed,0,0,7.5,7.5,8.63,7.5,0,0,0,0,0,0,0,0,0,0
EMP_0175,,,,,,,,,,,,,,,,,,
Contracted Hours,,,165,157.5,150,150,172.5,150,150,165,157.5,172.5,165,157.5,165,150,157.5,150
Allocated Hours,,,141,68.92,94.88,195.38,211.5,82.5,0,0,0,0,0,0,0,0,0,0
Remaining,,,24,88.58,55.13,-45.38,-39,67.5,150,165,157.5,172.5,165,157.5,165,150,157.5,150
Technical,TASK_T0293,Completed,0,0,90,150,172.5,75,0,0,0,0,0,0,0,0,0,0
Technical,TASK_T0855,Completed,2.63,0,0,0,0,0,0,0,0,0,0,0,0,0,0,0
Technical,TASK_T0037,Completed,24.75,6.3,0,0,0,0,0,0,0,0,0,0,0,0,0,0
Technical,TASK_T0234,Completed,0,0,2.25,21.75,7.5,0,0,0,0,0,0,0,0,0,0,0
Technical,TASK_T0255,Completed,8.25,0,0,0,0,0,0,0,0,0,0,0,0,0,0,0
Technical,TASK_T0530,Completed,0,0,0,11.25,16.13,3.75,0,0,0,0,0,0,0,0,0,0
Technical,TASK_T0852,Completed,0,0,0,12.38,15.38,3.75,0,0,0,0,0,0,0,0,0,0
Technical,TASK_T0874,Completed,14.63,13.88,2.63,0,0,0,0,0,0,0,0,0,0,0,0,0
Technical,TASK_T0736,Completed,41.25,39.38,0,0,0,0,0,0,0,0,0,0,0,0,0,0
Technical,TASK_T0233,Completed,24.75,5.63,0,0,0,0,0,0,0,0,0,0,0,0,0,0
Technical,TASK_T0760,Completed,24.75,3.75,0,0,0,0,0,0,0,0,0,0,0,0,0,0
EMP_0096,,,,,,,,,,,,,,,,,,
Contracted Hours,,,165,157.5,150,150,172.5,150,150,165,157.5,172.5,165,157.5,165,150,157.5,150
Allocated Hours,,,165,157.5,150,150,172.5,150,120,132,126,138,132,126,132,120,0,0
Remaining,,,0,0,0,0,0,0,30,33,31.5,34.5,33,31.5,33,30,157.5,150
Technical,,Completed,165,0,30,30,34.5,30,0,0,0,0,0,0,0,0,0,0
Technical,TASK_T0690,Completed,0,0,120,120,138,120,120,132,126,138,132,126,132,120,0,0
Technical,TASK_T0740,Completed,0,157.5,0,0,0,0,0,0,0,0,0,0,0,0,0,0
EMP_0337,,,,,,,,,,,,,,,,,,
Contracted Hours,,,0,157.5,150,150,172.5,150,150,165,157.5,172.5,165,157.5,165,150,157.5,150
Allocated Hours,,,0,157.5,150,150,172.5,150,150,165,157.5,172.5,165,157.5,165,150,0,0
Remaining,,,0,0,0,0,0,0,0,0,0,0,0,0,0,0,157.5,150
Technical,TASK_T0844,Completed,0,157.5,150,150,172.5,150,150,165,157.5,172.5,165,157.5,165,150,0,0
EMP_0077,,,,,,,,,,,,,,,,,,
Contracted Hours,,,165,157.5,150,150,172.5,150,150,165,157.5,172.5,165,157.5,165,150,157.5,150
Allocated Hours,,,82.5,78.75,16.5,16.5,0,0,0,0,0,0,0,0,0,0,0,0
Remaining,,,82.5,78.75,133.5,133.5,172.5,150,150,165,157.5,172.5,165,157.5,165,150,157.5,150
Technical,TASK_T0800,Completed,33,31.5,16.5,16.5,0,0,0,0,0,0,0,0,0,0,0,0
Technical,TASK_T0165,Completed,33,31.5,0,0,0,0,0,0,0,0,0,0,0,0,0,0
Technical,TASK_T0900,Completed,16.5,15.75,0,0,0,0,0,0,0,0,0,0,0,0,0,0
EMP_0142,,,,,,,,,,,,,,,,,,
Contracted Hours,,,176,168,160,160,184,160,160,176,168,184,176,168,176,160,168,160
Allocated Hours,,,28.05,26.78,8.93,0,0,0,0,0,0,0,0,0,0,0,0,0
Remaining,,,147.95,141.22,151.07,160,184,160,160,176,168,184,176,168,176,160,168,160
Technical,TASK_T0411,Completed,28.05,26.78,8.93,0,0,0,0,0,0,0,0,0,0,0,0,0
EMP_0619,,,,,,,,,,,,,,,,,,
Contracted Hours,,,97.5,135,150,150,172.5,150,150,165,157.5,172.5,165,157.5,165,150,157.5,150
Allocated Hours,,,178.2,179.18,109.5,115.5,134.55,97.5,115.5,127.05,121.27,132.82,136.95,130.73,136.95,115.5,121.27,142.5
Remaining,,,-80.7,-44.18,40.5,34.5,37.95,52.5,34.5,37.95,36.23,39.68,28.05,26.77,28.05,34.5,36.23,7.5
Technical,TASK_T0160,Completed,0,64.8,72,72,82.8,90,108,118.8,113.4,124.2,128.7,122.85,128.7,108,113.4,135
Technical,TASK_T0573,Completed,54.45,0,0,0,0,0,0,0,0,0,0,0,0,0,0,0
Technical,TASK_T0437,Completed,0,0,0,6,8.63,7.5,7.5,8.25,7.88,8.63,8.25,7.88,8.25,7.5,7.88,7.5
Technical,TASK_T0032,Completed,41.25,39.38,37.5,37.5,43.13,0,0,0,0,0,0,0,0,0,0,0
Technical,TASK_T0934,Completed,82.5,75,0,0,0,0,0,0,0,0,0,0,0,0,0,0
EMP_0591,,,,,,,,,,,,,,,,,,
Contracted Hours,,,165,147,150,150,172.5,150,150,165,157.5,172.5,165,157.5,165,150,157.5,150
Allocated Hours,,,142.5,46.5,51,150,186,150,0,0,0,0,0,0,0,0,0,0
Remaining,,,22.5,100.5,99,0,-13.5,0,150,165,157.5,172.5,165,157.5,165,150,157.5,150
Technical,TASK_T0318,Completed,0,0,0,114,163.88,142.5,0,0,0,0,0,0,0,0,0,0
Technical,TASK_T0018,Completed,0,0,21,0,0,0,0,0,0,0,0,0,0,0,0,0
Technical,TASK_T0196,Completed,0,19.5,0,0,0,0,0,0,0,0,0,0,0,0,0,0
Technical,TASK_T0255,Completed,0,27,30,30,13.5,0,0,0,0,0,0,0,0,0,0,0
Technical,TASK_T0263,Completed,0,0,0,6,8.63,7.5,0,0,0,0,0,0,0,0,0,0
Technical,TASK_T0740,Completed,142.5,0,0,0,0,0,0,0,0,0,0,0,0,0,0,0
EMP_0712,,,,,,,,,,,,,,,,,,
Contracted Hours,,,165,157.5,150,150,172.5,150,150,165,157.5,172.5,165,157.5,165,150,157.5,150
Allocated Hours,,,162.75,212.63,150,270,345,300,300,330,315,345,330,157.5,165,150,157.5,150
Remaining,,,2.25,-55.13,0,-120,-172.5,-150,-150,-165,-157.5,-172.5,-165,0,0,0,0,0
Technical,TASK_T0973,Completed,33,31.5,45,82.5,94.88,90,90,99,94.5,103.5,99,0,0,0,0,0
Technical,TASK_T0997,Completed,33,15.75,30,45,51.75,45,45,49.5,47.25,51.75,49.5,0,0,0,0,0
Technical,TASK_T0437,Completed,0,0,0,120,172.5,150,150,165,157.5,172.5,165,157.5,165,150,157.5,150
Technical,TASK_T0174,Completed,22.5,39.38,7.5,15,17.25,15,15,16.5,15.75,17.25,16.5,0,0,0,0,0
Technical,TASK_T0396,Completed,41.25,94.5,60,0,0,0,0,0,0,0,0,0,0,0,0,0
Technical,TASK_T0393,Completed,33,31.5,7.5,7.5,8.63,0,0,0,0,0,0,0,0,0,0,0
EMP_0505,,,,,,,,,,,,,,,,,,
Contracted Hours,,,165,157.5,150,150,172.5,150,150,165,157.5,172.5,165,157.5,165,150,157.5,150
Allocated Hours,,,0,0,0,0,0,0,0,0,0,0,0,0,0,0,0,0
Remaining,,,165,157.5,150,150,172.5,150,150,165,157.5,172.5,165,157.5,165,150,157.5,150
EMP_0451,,,,,,,,,,,,,,,,,,
Contracted Hours,,,165,157.5,150,150,172.5,150,150,165,157.5,172.5,165,157.5,165,150,157.5,150
Allocated Hours,,,165,157.5,150,165,189.75,165,165,181.5,173.25,189.75,181.5,173.25,181.5,165,173.25,165
Remaining,,,0,0,0,-15,-17.25,-15,-15,-16.5,-15.75,-17.25,-16.5,-15.75,-16.5,-15,-15.75,-15
Technical,TASK_T0782,Completed,165,157.5,150,150,172.5,150,150,165,157.5,172.5,165,157.5,165,150,157.5,150
Technical,TASK_T0736,Completed,0,0,0,15,17.25,15,15,16.5,15.75,17.25,16.5,15.75,16.5,15,15.75,15
EMP_0321,,,,,,,,,,,,,,,,,,
Contracted Hours,,,165,127.5,150,150,172.5,150,150,165,157.5,172.5,165,157.5,165,150,157.5,150
Allocated Hours,,,165,157.5,150,150,172.5,150,150,123.75,78.75,0,0,0,0,0,0,0
Remaining,,,0,-30,0,0,0,0,0,41.25,78.75,172.5,165,157.5,165,150,157.5,150
Technical,TASK_T0114,Partial,165,157.5,150,150,172.5,150,150,123.75,78.75,0,0,0,0,0,0,0
EMP_0767,,,,,,,,,,,,,,,,,,
Contracted Hours,,,176,168,160,160,184,160,160,176,168,184,176,168,176,160,168,160
Allocated Hours,,,0,0,0,0,0,0,0,0,0,0,0,0,0,0,0,0
Remaining,,,176,168,160,160,184,160,160,176,168,184,176,168,176,160,168,160
EMP_0694,,,,,,,,,,,,,,,,,,
Contracted Hours,,,165,157.5,150,150,172.5,150,150,165,157.5,172.5,165,157.5,165,150,157.5,150
Allocated Hours,,,146.08,139.44,97.53,127.53,151.83,102.03,79.53,54.48,52,56.96,54.48,28.38,29.73,27.03,23.63,22.5
Remaining,,,18.92,18.06,52.47,22.47,20.67,47.97,70.47,110.52,105.5,115.54,110.52,129.12,135.27,122.97,133.88,127.5
Technical,TASK_T0886,Completed,0,0,7.5,7.5,8.63,0,0,0,0,0,0,0,0,0,0,0
Technical,TASK_T0733,Completed,4.98,4.75,4.53,4.53,5.21,4.53,4.53,4.98,4.75,5.21,4.98,4.75,4.98,4.53,0,0
Technical,TASK_T0756,Completed,4.95,4.72,18,22.5,25.88,22.5,22.5,24.75,23.63,25.88,24.75,0,0,0,0,0
Technical,TASK_T0025,Completed,33,31.5,22.5,22.5,25.88,22.5,0,0,0,0,0,0,0,0,0,0
Technical,TASK_T0870,Completed,8.25,7.88,7.5,7.5,8.63,0,0,0,0,0,0,0,0,0,0,0
Technical,TASK_T0437,Completed,0,0,0,18,25.88,22.5,22.5,24.75,23.63,25.88,24.75,23.63,24.75,22.5,23.63,22.5
Technical,TASK_T0290,Completed,53.65,51.21,10.5,15,17.25,0,0,0,0,0,0,0,0,0,0,0
Technical,TASK_T0161,Completed,41.25,39.38,27,30,34.5,30,30,0,0,0,0,0,0,0,0,0
EMP_0048,,,,,,,,,,,,,,,,,,
Contracted Hours,,,165,157.5,150,150,172.5,150,150,165,157.5,172.5,165,157.5,165,150,157.5,150
Allocated Hours,,,236.28,271.92,228.75,261.9,248.32,105,76.5,82.5,78.75,86.25,82.5,78.75,82.5,75,78.75,75
Remaining,,,-71.28,-114.42,-78.75,-111.9,-75.82,45,73.5,82.5,78.75,86.25,82.5,78.75,82.5,75,78.75,75
Technical,TASK_T0569,Completed,10.15,1.85,0,0,0,0,0,0,0,0,0,0,0,0,0,0
Technical,TASK_T0308,Completed,0,6,12,12,6.6,0,0,0,0,0,0,0,0,0,0,0
Technical,TASK_T0848,Completed,2.25,15.75,22.5,7.5,8.63,0,0,0,0,0,0,0,0,0,0,0
Technical,TASK_T0879,Completed,99,94.5,45,45,51.75,0,0,0,0,0,0,0,0,0,0,0
Technical,TASK_T0880,Completed,16.5,15.75,15,15,17.25,0,0,0,0,0,0,0,0,0,0,0
Technical,TASK_T0010,Completed,16.5,23.63,15,7.5,8.63,0,0,0,0,0,0,0,0,0,0,0
Technical,TASK_T0988,Completed,0,11.47,13.5,13.5,2.7,0,0,0,0,0,0,0,0,0,0,0
Technical,TASK_T0990,Completed,0,10.8,13.5,13.5,3.37,0,0,0,0,0,0,0,0,0,0,0
Technical,TASK_T0166,Completed,0,7.2,12,12,5.4,0,0,0,0,0,0,0,0,0,0,0
Technical,TASK_T0701,Completed,16.5,15.75,15,7.5,17.25,15,0,0,0,0,0,0,0,0,0,0
Technical,TASK_T0696,Completed,0,8.93,10.5,10.5,2.63,0,0,0,0,0,0,0,0,0,0,0
Technical,TASK_T0008,Completed,0,0,8.25,15,17.25,7.5,0,0,0,0,0,0,0,0,0,0
Technical,,Completed,11.03,11.03,10.5,1.65,0,0,0,0,0,0,0,0,0,0,0,0
Technical,TASK_T0442,Completed,0,0,0,5.25,8.63,7.5,1.5,0,0,0,0,0,0,0,0,0
Technical,,Completed,14.85,14.17,7.5,7.5,8.63,0,0,0,0,0,0,0,0,0,0,0
Technical,TASK_T0913,Completed,24.75,0,0,0,0,0,0,0,0,0,0,0,0,0,0,0
Technical,TASK_T0437,Completed,0,0,0,60,86.25,75,75,82.5,78.75,86.25,82.5,78.75,82.5,75,78.75,75
Technical,TASK_T0424,Completed,16.5,15.75,7.5,7.5,0,0,0,0,0,0,0,0,0,0,0,0
Technical,TASK_T0011,Completed,8.25,7.88,7.5,7.5,0,0,0,0,0,0,0,0,0,0,0,0
Technical,TASK_T0294,Completed,0,11.47,13.5,13.5,3.37,0,0,0,0,0,0,0,0,0,0,0
EMP_0097,,,,,,,,,,,,,,,,,,
Contracted Hours,,,165,157.5,150,150,112.5,150,150,165,157.5,172.5,165,157.5,165,150,157.5,150
Allocated Hours,,,126.96,111.02,115.5,122.38,159.3,124.55,105.25,82.5,78.75,86.25,82.5,78.75,82.5,75,78.75,75
Remaining,,,38.04,46.48,34.5,27.62,-46.8,25.45,44.75,82.5,78.75,86.25,82.5,78.75,82.5,75,78.75,75
Technical,TASK_T0581,Completed,0,0,0,25,20,0,0,0,0,0,0,0,0,0,0,0
Technical,TASK_T0604,Completed,0,0,0,3.8,0,0,0,0,0,0,0,0,0,0,0,0
Technical,TASK_T0456,Completed,0,0,15,0,0,0,0,0,0,0,0,0,0,0,0,0
Technical,TASK_T0632,Completed,0,0,0,22.5,26.3,3.8,0,0,0,0,0,0,0,0,0,0
Technical,TASK_T0542,Completed,11.79,6.96,0,0,0,0,0,0,0,0,0,0,0,0,0,0
Technical,TASK_T0984,Completed,0,0,15,0,0,0,0,0,0,0,0,0,0,0,0,0
Technical,TASK_T0582,Completed,0,0,0,30,22.5,22.5,22.5,0,0,0,0,0,0,0,0,0
Technical,TASK_T0067,Completed,16.18,9.56,0,0,0,0,0,0,0,0,0,0,0,0,0,0
Technical,TASK_T0720,Completed,99,94.5,85.5,0,0,0,0,0,0,0,0,0,0,0,0,0
Technical,TASK_T0591,Completed,0,0,0,11.08,15.5,0,0,0,0,0,0,0,0,0,0,0
Technical,TASK_T0191,Completed,0,0,0,0,0,75,75,82.5,78.75,86.25,82.5,78.75,82.5,75,78.75,75
Technical,TASK_T0592,Completed,0,0,0,15,25,0,0,0,0,0,0,0,0,0,0,0
Technical,TASK_T0653,Completed,0,0,0,15,50,23.25,7.75,0,0,0,0,0,0,0,0,0
EMP_0284,,,,,,,,,,,,,,,,,,
Contracted Hours,,,165,157.5,150,150,172.5,150,150,165,157.5,172.5,165,157.5,165,150,157.5,150
Allocated Hours,,,269.56,196.55,165.72,197.97,248.24,201.1,177,194.7,107.1,0,0,0,0,0,0,0
Remaining,,,-104.56,-39.05,-15.72,-47.97,-75.74,-51.1,-27,-29.7,50.4,172.5,165,157.5,165,150,157.5,150
Technical,TASK_T0499,Completed,0,0,24.1,24.1,27.71,24.1,0,0,0,0,0,0,0,0,0,0
Technical,TASK_T0572,Completed,13.2,0.6,0,0,0,0,0,0,0,0,0,0,0,0,0,0
Technical,TASK_T0260,Completed,4.01,3.83,3.65,3.65,4.19,0,0,0,0,0,0,0,0,0,0,0
Technical,TASK_T0185,Completed,5.91,5.64,5.37,5.37,6.17,0,0,0,0,0,0,0,0,0,0,0
Technical,TASK_T0953,Completed,1.57,0,0,0,0,0,0,0,0,0,0,0,0,0,0,0
Technical,,Completed,49.5,47.25,0,0,0,0,0,0,0,0,0,0,0,0,0,0
Technical,TASK_T0195,Completed,82.5,78.75,75,75,86.25,75,75,82.5,78.75,0,0,0,0,0,0,0
Technical,TASK_T0501,Completed,14.85,14.17,13.5,13.5,15.52,13.5,13.5,14.85,14.17,0,0,0,0,0,0,0
Technical,TASK_T0502,Completed,14.85,14.17,13.5,13.5,15.52,13.5,13.5,14.85,14.17,0,0,0,0,0,0,0
Technical,TASK_T0318,Completed,0,0,0,41.25,86.25,75,75,82.5,0,0,0,0,0,0,0,0
Technical,TASK_T0969,Completed,49.5,0,0,0,0,0,0,0,0,0,0,0,0,0,0,0
Technical,TASK_T0526,Completed,9.61,9.17,8.74,8.74,0.44,0,0,0,0,0,0,0,0,0,0,0
Technical,TASK_T0780,Completed,18.15,17.32,16.5,7.5,0,0,0,0,0,0,0,0,0,0,0,0
Technical,TASK_T0194,Completed,5.91,5.64,5.37,5.37,6.17,0,0,0,0,0,0,0,0,0,0,0
EMP_0347,,,,,,,,,,,,,,,,,,
Contracted Hours,,,165,157.5,150,150,172.5,150,150,165,157.5,172.5,165,157.5,165,150,157.5,150
Allocated Hours,,,173.25,175.88,165,167.25,189.75,150,135,148.5,110.25,103.5,99,90.75,16.5,15,15.75,15
Remaining,,,-8.25,-18.38,-15,-17.25,-17.25,0,15,16.5,47.25,69,66,66.75,148.5,135,141.75,135
Technical,TASK_T0054,Completed,16.5,15.75,15,15,17.25,0,0,0,0,0,0,0,0,0,0,0
Technical,TASK_T0408,Completed,0,15.75,15,15,17.25,15,0,0,0,0,0,0,0,0,0,0
Technical,TASK_T0437,Completed,0,0,0,12,17.25,15,15,16.5,15.75,17.25,16.5,15.75,16.5,15,15.75,15
Technical,TASK_T0791,Completed,8.25,2.63,0,0,0,0,0,0,0,0,0,0,0,0,0,0
Technical,TASK_T0410,Completed,82.5,78.75,75,75,86.25,75,75,82.5,78.75,86.25,82.5,75,0,0,0,0
Technical,TASK_T0409,Completed,49.5,47.25,45,45,51.75,45,45,49.5,15.75,0,0,0,0,0,0,0
Technical,TASK_T0440,Completed,16.5,15.75,15,5.25,0,0,0,0,0,0,0,0,0,0,0,0
EMP_0063,,,,,,,,,,,,,,,,,,
Contracted Hours,,,165,157.5,150,150,172.5,150,150,165,157.5,172.5,165,157.5,165,150,157.5,150
Allocated Hours,,,165,157.5,128.25,135,155.25,135,135,148.5,126,138,132,126,132,0,0,0
Remaining,,,0,0,21.75,15,17.25,15,15,16.5,31.5,34.5,33,31.5,33,150,157.5,150
Technical,TASK_T0985,Completed,0,0,8.25,15,17.25,15,15,16.5,0,0,0,0,0,0,0,0
Technical,TASK_T0986,Completed,165,157.5,120,120,138,120,120,132,126,138,132,126,132,0,0,0
EMP_0779,,,,,,,,,,,,,,,,,,
Contracted Hours,,,165,157.5,150,150,172.5,150,150,165,157.5,172.5,165,157.5,165,150,157.5,150
Allocated Hours,,,0,148.05,70.5,94.5,115.58,100.5,109.5,89.1,89.78,98.33,99,94.5,105.6,96,100.8,96
Remaining,,,165,9.45,79.5,55.5,56.92,49.5,40.5,75.9,67.72,74.17,66,63,59.4,54,56.7,54
Technical,TASK_T0437,Completed,0,0,0,24,34.5,30,30,33,31.5,34.5,33,31.5,33,30,31.5,30
Technical,TASK_T0157,Completed,0,148.05,70.5,70.5,81.08,70.5,79.5,56.1,58.27,63.83,66,63,72.6,66,69.3,66
EMP_0064,,,,,,,,,,,,,,,,,,
Contracted Hours,,,165,157.5,150,150,30,0,0,0,0,0,0,0,0,0,0,0
Allocated Hours,,,206.7,157.42,110.1,112.5,122.02,93.6,90,99,94.5,103.5,99,0,0,0,0,0
Remaining,,,-41.7,0.08,39.9,37.5,-92.02,-93.6,-90,-99,-94.5,-103.5,-99,0,0,0,0,0
Technical,TASK_T0750,Completed,0,0,9.6,12,13.8,3.6,0,0,0,0,0,0,0,0,0,0
Technical,TASK_T0480,Completed,33.75,0,0,0,0,0,0,0,0,0,0,0,0,0,0,0
Technical,TASK_T0023,Completed,20,10,0,0,0,0,0,0,0,0,0,0,0,0,0,0
Technical,TASK_T0391,Completed,11.55,0.53,0,0,0,0,0,0,0,0,0,0,0,0,0,0
Technical,TASK_T0973,Completed,8.25,7.88,7.5,7.5,8.63,7.5,7.5,8.25,7.88,8.63,8.25,0,0,0,0,0
Technical,TASK_T0997,Completed,41.25,39.38,37.5,37.5,60.38,52.5,52.5,57.75,55.13,60.38,57.75,0,0,0,0,0
Technical,TASK_T0174,Completed,22.5,39.38,7.5,30,34.5,30,30,33,31.5,34.5,33,0,0,0,0,0
Technical,TASK_T0396,Completed,41.25,39.38,37.5,15,0,0,0,0,0,0,0,0,0,0,0,0
Technical,TASK_T0247,Completed,5,5,0,0,0,0,0,0,0,0,0,0,0,0,0,0
Technical,TASK_T0451,Completed,18.15,9.07,0,0,0,0,0,0,0,0,0,0,0,0,0,0
Technical,TASK_T0016,Completed,0,6.83,10.5,10.5,4.72,0,0,0,0,0,0,0,0,0,0,0
Technical,TASK_T0891,Completed,5,0,0,0,0,0,0,0,0,0,0,0,0,0,0,0
EMP_0579,,,,,,,,,,,,,,,,,,
Contracted Hours,,,148.5,54,135,135,155.25,135,135,148.5,141.75,155.25,148.5,141.75,148.5,135,141.75,135
Allocated Hours,,,178.14,66.03,121.04,74.88,82.23,66.74,20.73,16.45,15.71,17.2,16.45,15.71,16.45,14.96,15.71,0
Remaining,,,-29.64,-12.03,13.96,60.12,73.02,68.26,114.27,132.05,126.04,138.05,132.05,126.04,132.05,120.04,126.04,135
Technical,TASK_T0574,Completed,16.63,6.05,8.32,0,0,0,0,0,0,0,0,0,0,0,0,0
Technical,TASK_T0931,Completed,9.9,3.6,0,0,0,0,0,0,0,0,0,0,0,0,0,0
Technical,TASK_T0432,Completed,11.55,4.2,0,0,0,0,0,0,0,0,0,0,0,0,0,0
Technical,TASK_T0741,Completed,0,0,2.38,9.52,10.95,7.14,0,0,0,0,0,0,0,0,0,0
Technical,TASK_T0722,Completed,8.25,3,0,0,0,0,0,0,0,0,0,0,0,0,0,0
Technical,TASK_T0551,Completed,0,0,0.6,12,13.8,12,0,0,0,0,0,0,0,0,0,0
Technical,TASK_T0313,Completed,0,0,2.38,9.52,10.95,7.14,0,0,0,0,0,0,0,0,0,0
Technical,TASK_T0065,Completed,66,24,60,0,0,0,0,0,0,0,0,0,0,0,0,0
Technical,TASK_T0015,Completed,13.2,4.8,5.4,0,0,0,0,0,0,0,0,0,0,0,0,0
Technical,TASK_T0723,Completed,9.9,3.6,0,0,0,0,0,0,0,0,0,0,0,0,0,0
Technical,TASK_T0991,Completed,6.75,0,0,0,0,0,0,0,0,0,0,0,0,0,0,0
Technical,TASK_T0479,Completed,3,4.8,12,10.2,0,0,0,0,0,0,0,0,0,0,0,0
Technical,TASK_T0128,Completed,16.5,6,15,15,17.25,15,0,0,0,0,0,0,0,0,0,0
Technical,TASK_T0129,Completed,16.45,5.98,14.96,14.96,17.2,14.96,14.96,16.45,15.71,17.2,16.45,15.71,16.45,14.96,15.71,0
Technical,,Completed,0,0,0,3.67,12.07,10.5,5.78,0,0,0,0,0,0,0,0,0
EMP_0535,,,,,,,,,,,,,,,,,,
Contracted Hours,,,165,157.5,150,150,172.5,150,150,165,157.5,172.5,165,157.5,165,150,157.5,150
Allocated Hours,,,211.63,261,160.5,195,258.75,180,180,198,157.5,172.5,165,157.5,165,150,0,0
Remaining,,,-46.63,-103.5,-10.5,-45,-86.25,-30,-30,-33,0,0,0,0,0,0,157.5,150
Technical,TASK_T0781,Completed,0,14.25,15,15,0,0,0,0,0,0,0,0,0,0,0,0
Technical,TASK_T0983,Completed,21.88,39.38,22.5,22.5,25.88,0,0,0,0,0,0,0,0,0,0,0
Technical,TASK_T0417,Completed,41.25,47.25,0,0,0,0,0,0,0,0,0,0,0,0,0,0
Technical,TASK_T0023,Completed,16.5,15.75,0,0,0,0,0,0,0,0,0,0,0,0,0,0
Technical,TASK_T0018,Completed,16.5,15.75,10.5,0,0,0,0,0,0,0,0,0,0,0,0,0
Technical,TASK_T0779,Completed,41.25,39.38,22.5,22.5,25.88,0,0,0,0,0,0,0,0,0,0,0
Technical,TASK_T0916,Completed,24.75,7.88,7.5,0,0,0,0,0,0,0,0,0,0,0,0,0
Technical,TASK_T0890,Completed,0,34.13,52.5,105,172.5,150,150,165,157.5,172.5,165,157.5,165,150,0,0
Technical,TASK_T0024,Completed,16.5,15.75,0,0,0,0,0,0,0,0,0,0,0,0,0,0
Technical,TASK_T0481,Completed,33,31.5,30,30,34.5,30,30,33,0,0,0,0,0,0,0,0
EMP_0468,,,,,,,,,,,,,,,,,,
Contracted Hours,,,165,121.28,115.5,115.5,132.83,115.5,115.5,127.05,121.28,132.83,127.05,121.28,127.05,115.5,121.28,115.5
Allocated Hours,,,165,121.28,115.5,115.5,132.82,0,0,0,0,0,0,0,0,0,0,0
Remaining,,,0,0,0,0,0,115.5,115.5,127.05,121.28,132.83,127.05,121.28,127.05,115.5,121.28,115.5
Technical,TASK_T0736,Completed,165,121.28,115.5,115.5,132.82,0,0,0,0,0,0,0,0,0,0,0
EMP_0757,,,,,,,,,,,,,,,,,,
Contracted Hours,,,165,157.5,150,150,172.5,150,150,165,157.5,172.5,165,157.5,165,150,157.5,150
Allocated Hours,,,0,0,0,0,0,0,0,0,0,0,0,0,0,0,0,0
Remaining,,,165,157.5,150,150,172.5,150,150,165,157.5,172.5,165,157.5,165,150,157.5,150
EMP_0301,,,,,,,,,,,,,,,,,,
Contracted Hours,,,165,157.5,150,150,172.5,150,150,165,157.5,172.5,165,157.5,165,150,157.5,150
Allocated Hours,,,148.5,141.75,120,120,138,120,120,132,63,69,66,63,66,48,0,0
Remaining,,,16.5,15.75,30,30,34.5,30,30,33,94.5,103.5,99,94.5,99,102,157.5,150
Technical,TASK_T0798,Completed,16.5,15.75,0,0,0,0,0,0,0,0,0,0,0,0,0,0
Technical,TASK_T0281,Completed,66,63,60,60,69,60,60,66,0,0,0,0,0,0,0,0
Technical,TASK_T0282,Completed,66,63,60,60,69,60,60,66,63,69,66,63,66,48,0,0
EMP_0733,,,,,,,,,,,,,,,,,,
Contracted Hours,,,165,157.5,150,150,172.5,150,150,165,157.5,172.5,165,157.5,165,150,157.5,150
Allocated Hours,,,1.5,0,0,0,0,0,0,0,0,0,0,0,0,0,0,0
Remaining,,,163.5,157.5,150,150,172.5,150,150,165,157.5,172.5,165,157.5,165,150,157.5,150
Technical,TASK_T0721,Completed,1.5,0,0,0,0,0,0,0,0,0,0,0,0,0,0,0
EMP_0417,,,,,,,,,,,,,,,,,,
Contracted Hours,,,165,157.5,150,150,172.5,150,150,165,157.5,172.5,165,157.5,165,150,157.5,150
Allocated Hours,,,90.15,56.64,20.09,14.09,6.75,0,0,0,0,0,0,0,0,0,0,0
Remaining,,,74.85,100.86,129.91,135.91,165.75,150,150,165,157.5,172.5,165,157.5,165,150,157.5,150
Technical,TASK_T0863,Completed,20,0,0,0,0,0,0,0,0,0,0,0,0,0,0,0
Technical,TASK_T0575,Completed,0,8.77,13.5,13.5,6.07,0,0,0,0,0,0,0,0,0,0,0
Technical,TASK_T0572,Completed,41.25,39.38,0,0,0,0,0,0,0,0,0,0,0,0,0,0
Technical,TASK_T0260,Completed,0.65,0.62,0.59,0.59,0.68,0,0,0,0,0,0,0,0,0,0,0
Technical,TASK_T0263,Completed,8.25,7.88,6,0,0,0,0,0,0,0,0,0,0,0,0,0
Technical,TASK_T0862,Completed,20,0,0,0,0,0,0,0,0,0,0,0,0,0,0,0
EMP_0376,,,,,,,,,,,,,,,,,,
Contracted Hours,,,165,157.5,150,150,172.5,150,150,165,157.5,172.5,165,157.5,165,150,157.5,150
Allocated Hours,,,128.66,102.38,97.5,97.5,129.07,112.23,79.23,87.15,43.82,47.99,45.9,43.82,45.9,8.46,7.88,7.5
Remaining,,,36.34,55.12,52.5,52.5,43.43,37.77,70.77,77.85,113.68,124.51,119.1,113.68,119.1,141.54,149.63,142.5
Technical,TASK_T0446,Completed,36.3,34.65,33,33,37.95,33,0,0,0,0,0,0,0,0,0,0
Technical,TASK_T0148,Completed,8.25,7.88,7.5,7.5,8.63,7.5,7.5,8.25,7.88,8.63,8.25,7.88,8.25,7.5,7.88,7.5
Technical,TASK_T0989,Completed,16.5,15.75,15,15,17.25,15,15,16.5,15.75,17.25,16.5,15.75,16.5,0,0,0
Technical,TASK_T0962,Completed,21.41,0,0,0,0,0,0,0,0,0,0,0,0,0,0,0
Technical,TASK_T0010,Completed,0,0,0,0,22.12,19.23,19.23,21.15,20.19,22.12,21.15,20.19,21.15,0.96,0,0
Technical,TASK_T0438,Completed,8.25,7.88,7.5,7.5,8.63,7.5,7.5,8.25,0,0,0,0,0,0,0,0
Technical,TASK_T0992,Completed,33,31.5,30,30,34.5,30,30,33,0,0,0,0,0,0,0,0
Technical,TASK_T0444,Completed,4.95,4.73,4.5,4.5,0,0,0,0,0,0,0,0,0,0,0,0
EMP_0058,,,,,,,,,,,,,,,,,,
Contracted Hours,,,148.5,141.75,135,135,155.25,135,135,148.5,141.75,155.25,148.5,141.75,148.5,135,141.75,135
Allocated Hours,,,148.63,141.75,75,102,117.3,27,27,29.7,0,0,0,0,0,0,0,0
Remaining,,,-0.13,0,60,33,37.95,108,108,118.8,141.75,155.25,148.5,141.75,148.5,135,141.75,135
Technical,TASK_T0064,Completed,82.5,78.75,75,75,86.25,0,0,0,0,0,0,0,0,0,0,0
Technical,TASK_T0913,Completed,0.13,0,0,0,0,0,0,0,0,0,0,0,0,0,0,0
Technical,TASK_T0516,Completed,0,0,0,27,31.05,27,27,29.7,0,0,0,0,0,0,0,0
Technical,TASK_T0302,Completed,33,31.5,0,0,0,0,0,0,0,0,0,0,0,0,0,0
Technical,,Completed,33,31.5,0,0,0,0,0,0,0,0,0,0,0,0,0,0
EMP_0725,,,,,,,,,,,,,,,,,,
Contracted Hours,,,165,157.5,150,150,172.5,150,150,165,157.5,172.5,165,157.5,165,150,157.5,150
Allocated Hours,,,123.75,152.55,163.5,175.05,113.78,96,84.45,82.5,78.75,86.25,82.5,78.75,82.5,75,78.75,75
Remaining,,,41.25,4.95,-13.5,-25.05,58.72,54,65.55,82.5,78.75,86.25,82.5,78.75,82.5,75,78.75,75
Technical,TASK_T0145,Completed,0,15.75,30,30,0,0,0,0,0,0,0,0,0,0,0,0
Technical,TASK_T0689,Completed,0,10.8,13.5,13.5,3.37,0,0,0,0,0,0,0,0,0,0,0
Technical,TASK_T0143,Completed,0,0,0,11.55,24.15,21,9.45,0,0,0,0,0,0,0,0,0
Technical,TASK_T0138,Completed,41.25,47.25,45,45,0,0,0,0,0,0,0,0,0,0,0,0
Technical,TASK_T0144,Completed,82.5,78.75,75,75,86.25,75,75,82.5,78.75,86.25,82.5,78.75,82.5,75,78.75,75
EMP_0534,,,,,,,,,,,,,,,,,,
Contracted Hours,,,90,157.5,150,150,172.5,150,150,165,157.5,172.5,165,157.5,165,150,157.5,150
Allocated Hours,,,24.46,61.79,120,120,138,165,165,160.88,47.25,51.75,49.5,47.25,49.5,45,47.25,45
Remaining,,,65.54,95.71,30,30,34.5,-15,-15,4.13,110.25,120.75,115.5,110.25,115.5,105,110.25,105
Technical,TASK_T0567,Completed,0,20.63,82.5,82.5,94.88,82.5,82.5,70.13,0,0,0,0,0,0,0,0
Technical,TASK_T0789,Completed,0,0,0,0,0,45,45,49.5,47.25,51.75,49.5,47.25,49.5,45,47.25,45
Technical,,Completed,24.46,41.17,37.5,37.5,43.13,37.5,37.5,41.25,0,0,0,0,0,0,0,0
EMP_0525,,,,,,,,,,,,,,,,,,
Contracted Hours,,,165,157.5,150,150,172.5,150,150,165,157.5,172.5,165,157.5,165,150,157.5,150
Allocated Hours,,,106.7,195.85,259.09,255.36,324.3,264.6,274.5,227.7,173.25,189.75,181.5,173.25,181.5,93,163.8,21
Remaining,,,58.3,-38.35,-109.09,-105.36,-151.8,-114.6,-124.5,-62.7,-15.75,-17.25,-16.5,-15.75,-16.5,57,-6.3,129
Technical,TASK_T0151,Completed,0,93.6,144,144,165.6,144,144,158.4,151.2,165.6,158.4,151.2,158.4,72,141.75,0
Technical,TASK_T0921,Completed,4.4,4.6,4.09,0.36,0,0,0,0,0,0,0,0,0,0,0,0
Technical,TASK_T0992,Completed,16.5,15.75,15,15,17.25,15,15,16.5,0,0,0,0,0,0,0,0
Technical,TASK_T0849,Completed,62.7,59.85,57,57,65.55,17.1,0,0,0,0,0,0,0,0,0,0
Technical,TASK_T0516,Completed,0,0,0,0,31.05,67.5,94.5,29.7,0,0,0,0,0,0,0,0
Technical,TASK_T0048,Completed,0,0,18,18,20.7,0,0,0,0,0,0,0,0,0,0,0
Technical,TASK_T0144,Completed,23.1,22.05,21,21,24.15,21,21,23.1,22.05,24.15,23.1,22.05,23.1,21,22.05,21
EMP_0312,,,,,,,,,,,,,,,,,,
Contracted Hours,,,148.5,141.75,150,150,172.5,150,150,165,157.5,172.5,165,157.5,165,150,157.5,150
Allocated Hours,,,256.25,236.38,0,0,0,0,0,0,0,0,0,0,0,0,0,0
Remaining,,,-107.75,-94.62,150,150,172.5,150,150,165,157.5,172.5,165,157.5,165,150,157.5,150
Technical,TASK_T0436,Completed,182.5,178.75,0,0,0,0,0,0,0,0,0,0,0,0,0,0
Technical,TASK_T0142,Completed,4,2,0,0,0,0,0,0,0,0,0,0,0,0,0,0
Technical,TASK_T0880,Completed,16.5,15.75,0,0,0,0,0,0,0,0,0,0,0,0,0,0
Technical,TASK_T0456,Completed,5,2,0,0,0,0,0,0,0,0,0,0,0,0,0,0
Technical,TASK_T0402,Completed,2,2,0,0,0,0,0,0,0,0,0,0,0,0,0,0
Technical,TASK_T0875,Completed,8.25,7.88,0,0,0,0,0,0,0,0,0,0,0,0,0,0
Technical,TASK_T0307,Completed,5,5,0,0,0,0,0,0,0,0,0,0,0,0,0,0
Technical,TASK_T0255,Completed,6,4,0,0,0,0,0,0,0,0,0,0,0,0,0,0
Technical,TASK_T0783,Completed,2,2,0,0,0,0,0,0,0,0,0,0,0,0,0,0
Technical,TASK_T0760,Completed,15,15,0,0,0,0,0,0,0,0,0,0,0,0,0,0
Technical,TASK_T0303,Completed,10,2,0,0,0,0,0,0,0,0,0,0,0,0,0,0
EMP_0304,,,,,,,,,,,,,,,,,,
Contracted Hours,,,156.75,149.63,142.5,142.5,163.87,142.5,142.5,156.75,149.63,163.87,156.75,149.63,156.75,142.5,149.63,142.5
Allocated Hours,,,219.95,313.75,292.29,289.29,271.33,190.29,190.29,209.32,199.8,218.83,180.99,151.2,158.4,144,151.2,144
Remaining,,,-63.2,-164.13,-149.79,-146.79,-107.45,-47.79,-47.79,-52.57,-50.18,-54.95,-24.24,-1.57,-1.65,-1.5,-1.57,-1.5
Technical,TASK_T0151,Completed,0,93.6,144,144,165.6,144,144,158.4,151.2,165.6,158.4,151.2,158.4,144,151.2,144
Technical,TASK_T0921,Completed,4.4,4.6,3,0,0,0,0,0,0,0,0,0,0,0,0,0
Technical,TASK_T0927,Completed,12.32,21.56,20.54,20.54,23.62,20.54,20.54,22.59,21.56,23.62,22.59,0,0,0,0,0
Technical,TASK_T0847,Completed,26.4,25.2,24,24,0,0,0,0,0,0,0,0,0,0,0,0
Technical,TASK_T0576,Completed,82.5,78.75,75,75,52.5,0,0,0,0,0,0,0,0,0,0,0
Technical,TASK_T0046,Completed,28.33,27.04,25.75,25.75,29.61,25.75,25.75,28.33,27.04,29.61,0,0,0,0,0,0
Technical,,Completed,66,63,0,0,0,0,0,0,0,0,0,0,0,0,0,0
EMP_0479,,,,,,,,,,,,,,,,,,
Contracted Hours,,,165,157.5,150,150,172.5,150,150,165,157.5,172.5,165,157.5,165,150,157.5,150
Allocated Hours,,,170.21,190.22,96.24,109.74,96.2,34.74,19.74,10.86,0,0,0,0,0,0,0,0
Remaining,,,-5.21,-32.72,53.76,40.26,76.3,115.26,130.26,154.14,157.5,172.5,165,157.5,165,150,157.5,150
Technical,TASK_T0782,Completed,33,31.5,30,30,34.5,0,0,0,0,0,0,0,0,0,0,0
Technical,TASK_T0847,Completed,21.71,20.72,19.74,19.74,22.7,19.74,19.74,10.86,0,0,0,0,0,0,0,0
Technical,TASK_T0449,Completed,0,12,15,15,3.75,0,0,0,0,0,0,0,0,0,0,0
Technical,TASK_T0560,Completed,0,15.75,15,15,0.75,0,0,0,0,0,0,0,0,0,0,0
Technical,TASK_T0469,Completed,0,0,16.5,30,34.5,15,0,0,0,0,0,0,0,0,0,0
Technical,TASK_T0138,Completed,66,63,0,0,0,0,0,0,0,0,0,0,0,0,0,0
Technical,TASK_T0462,Completed,49.5,47.25,0,0,0,0,0,0,0,0,0,0,0,0,0,0
EMP_0022,,,,,,,,,,,,,,,,,,
Contracted Hours,,,165,157.5,150,150,172.5,150,150,165,157.5,172.5,165,157.5,165,150,157.5,150
Allocated Hours,,,275.4,259.58,351.3,217.88,181.13,157.5,75,82.5,78.75,86.25,82.5,0,0,0,0,0
Remaining,,,-110.4,-102.08,-201.3,-67.88,-8.63,-7.5,75,82.5,78.75,86.25,82.5,157.5,165,150,157.5,150
Technical,TASK_T0002,Completed,67.5,118.13,112.5,61.88,0,0,0,0,0,0,0,0,0,0,0,0
Technical,TASK_T0003,Completed,82.5,21.75,0,0,0,0,0,0,0,0,0,0,0,0,0,0
Technical,TASK_T0263,Completed,16.5,15.75,0,6,8.63,7.5,0,0,0,0,0,0,0,0,0,0
Technical,TASK_T0264,Completed,92.4,88.2,79.8,0,0,0,0,0,0,0,0,0,0,0,0,0
Technical,TASK_T0262,Completed,16.5,15.75,9,0,0,0,0,0,0,0,0,0,0,0,0,0
Technical,TASK_T0397,Partial,0,0,75,75,86.25,75,75,82.5,78.75,86.25,82.5,0,0,0,0,0
Technical,TASK_T0427,Partial,0,0,75,75,86.25,75,0,0,0,0,0,0,0,0,0,0
EMP_0746,,,,,,,,,,,,,,,,,,
Contracted Hours,,,165,157.5,150,150,172.5,150,150,165,157.5,172.5,165,157.5,165,150,157.5,150
Allocated Hours,,,156.75,144.38,159,173.75,166.75,138,105,115.5,110.25,103.5,16.5,15.75,16.5,15,15.75,15
Remaining,,,8.25,13.13,-9,-23.75,5.75,12,45,49.5,47.25,69,148.5,141.75,148.5,135,141.75,135
Technical,TASK_T0570,Completed,33,31.5,30,0,0,0,0,0,0,0,0,0,0,0,0,0
Technical,TASK_T0513,Completed,8.25,7.88,0,0,0,0,0,0,0,0,0,0,0,0,0,0
Technical,TASK_T0425,Completed,8.25,7.88,0,0,0,0,0,0,0,0,0,0,0,0,0,0
Technical,TASK_T0980,Completed,0,0,16.5,30,34.5,30,0,0,0,0,0,0,0,0,0,0
Technical,TASK_T0164,Completed,0,0,0,8,11.5,3,0,0,0,0,0,0,0,0,0,0
Technical,TASK_T0736,Completed,0,0,0,15,17.25,15,15,16.5,15.75,17.25,16.5,15.75,16.5,15,15.75,15
Technical,TASK_T0144,Completed,0,26.25,75,75,86.25,75,75,82.5,78.75,86.25,0,0,0,0,0,0
Technical,TASK_T0511,Completed,8.25,7.88,0,0,0,0,0,0,0,0,0,0,0,0,0,0
Technical,TASK_T0953,Completed,99,63,37.5,37.5,0,0,0,0,0,0,0,0,0,0,0,0
Technical,TASK_T0854,Partial,0,0,0,8.25,17.25,15,15,16.5,15.75,0,0,0,0,0,0,0
EMP_0526,,,,,,,,,,,,,,,,,,
Contracted Hours,,,165,157.5,150,150,172.5,150,150,165,157.5,172.5,165,157.5,165,150,157.5,150
Allocated Hours,,,165,157.5,75,150,86.25,75,75,0,0,0,0,0,0,0,0,0
Remaining,,,0,0,75,0,86.25,75,75,165,157.5,172.5,165,157.5,165,150,157.5,150
Technical,TASK_T0690,Completed,165,157.5,75,120,0,0,0,0,0,0,0,0,0,0,0,0
Technical,TASK_T0516,Completed,0,0,0,30,86.25,75,75,0,0,0,0,0,0,0,0,0
EMP_0067,,,,,,,,,,,,,,,,,,
Contracted Hours,,,165,157.5,150,150,172.5,150,150,165,157.5,172.5,165,157.5,165,150,157.5,150
Allocated Hours,,,49.8,25.2,63,55.13,25.88,7.5,1.5,0,0,0,0,0,0,0,0,0
Remaining,,,115.2,132.3,87,94.88,146.63,142.5,148.5,165,157.5,172.5,165,157.5,165,150,157.5,150
Technical,TASK_T0289,Completed,16.5,15.75,15,15,17.25,0,0,0,0,0,0,0,0,0,0,0
Technical,TASK_T0781,Completed,0,0,0,5.63,8.63,7.5,1.5,0,0,0,0,0,0,0,0,0
Technical,TASK_T0869,Completed,0,0,15,15,0,0,0,0,0,0,0,0,0,0,0,0
Technical,TASK_T0465,Completed,8.55,9.45,22.5,9,0,0,0,0,0,0,0,0,0,0,0,0
Technical,TASK_T0478,Completed,0,0,10.5,10.5,0,0,0,0,0,0,0,0,0,0,0,0
Technical,TASK_T0255,Completed,8.25,0,0,0,0,0,0,0,0,0,0,0,0,0,0,0
Technical,TASK_T0783,Completed,16.5,0,0,0,0,0,0,0,0,0,0,0,0,0,0,0
EMP_0695,,,,,,,,,,,,,,,,,,
Contracted Hours,,,165,157.5,150,150,172.5,150,150,165,157.5,172.5,165,157.5,165,150,157.5,150
Allocated Hours,,,3.3,26.78,31.87,50.99,29.32,19.12,0,0,0,0,0,0,0,0,0,0
Remaining,,,161.7,130.72,118.13,99.01,143.18,130.88,150,165,157.5,172.5,165,157.5,165,150,157.5,150
Technical,TASK_T0518,Completed,3.3,26.78,25.5,25.5,0,0,0,0,0,0,0,0,0,0,0,0
Technical,TASK_T0259,Completed,0,0,6.37,25.49,29.32,19.12,0,0,0,0,0,0,0,0,0,0
EMP_0432,,,,,,,,,,,,,,,,,,
Contracted Hours,,,0,0,0,150,172.5,150,150,165,157.5,172.5,165,157.5,165,150,157.5,150
Allocated Hours,,,0,0,0,300,345,300,300,330,315,345,330,315,330,300,157.5,150
Remaining,,,0,0,0,-150,-172.5,-150,-150,-165,-157.5,-172.5,-165,-157.5,-165,-150,0,0
Technical,TASK_T0844,Completed,0,0,0,300,345,300,300,330,315,345,330,315,330,300,157.5,150
EMP_0409,,,,,,,,,,,,,,,,,,
Contracted Hours,,,165,120,150,150,172.5,150,150,165,157.5,172.5,165,157.5,165,150,157.5,150
Allocated Hours,,,90.75,71.63,97.5,125.25,155.25,135,135,123.75,39.38,43.13,41.25,39.38,41.25,37.5,39.38,37.5
Remaining,,,74.25,48.38,52.5,24.75,17.25,15,15,41.25,118.13,129.38,123.75,118.13,123.75,112.5,118.13,112.5
Technical,TASK_T0213,Completed,57.75,42,75,75,86.25,75,75,82.5,0,0,0,0,0,0,0,0
Technical,TASK_T0565,Completed,24.75,23.63,22.5,20.25,25.88,22.5,22.5,0,0,0,0,0,0,0,0,0
Technical,TASK_T0737,Completed,8.25,6,0,0,0,0,0,0,0,0,0,0,0,0,0,0
Technical,TASK_T0437,Completed,0,0,0,30,43.13,37.5,37.5,41.25,39.38,43.13,41.25,39.38,41.25,37.5,39.38,37.5
EMP_0108,,,,,,,,,,,,,,,,,,
Contracted Hours,,,142.5,127.5,150,150,172.5,150,150,165,157.5,172.5,165,157.5,165,150,157.5,150
Allocated Hours,,,48.55,65.07,95.5,113.55,78.35,14.25,4.05,0,0,0,0,0,0,0,0,0
Remaining,,,93.95,62.43,54.5,36.45,94.15,135.75,145.95,165,157.5,172.5,165,157.5,165,150,157.5,150
Technical,TASK_T0002,Completed,12,0,0,0,0,0,0,0,0,0,0,0,0,0,0,0
Technical,TASK_T0909,Completed,4,4,4,2,0,0,0,0,0,0,0,0,0,0,0,0
Technical,TASK_T0033,Completed,12,10,0,0,0,0,0,0,0,0,0,0,0,0,0,0
Technical,TASK_T0405,Completed,0,0.6,20,30,20,0,0,0,0,0,0,0,0,0,0,0
Technical,TASK_T0300,Completed,0,3,7.5,7.5,0,0,0,0,0,0,0,0,0,0,0,0
Technical,TASK_T0258,Completed,12,15,12,8,0,0,0,0,0,0,0,0,0,0,0,0
Technical,TASK_T0132,Completed,8.55,4,0,0,0,0,0,0,0,0,0,0,0,0,0,0
Technical,TASK_T0232,Completed,0,3.93,0,0,0,0,0,0,0,0,0,0,0,0,0,0
Technical,TASK_T0719,Completed,0,7.9,16,20,16,0,0,0,0,0,0,0,0,0,0,0
Technical,TASK_T0689,Completed,0,10,12,10,0,0,0,0,0,0,0,0,0,0,0,0
Technical,TASK_T0469,Completed,0,0,8,16,16,5.25,0,0,0,0,0,0,0,0,0,0
Technical,TASK_T0288,Completed,0,6.64,16,16,16,0,0,0,0,0,0,0,0,0,0,0
Technical,TASK_T0498,Completed,0,0,0,4.05,10.35,9,4.05,0,0,0,0,0,0,0,0,0
EMP_0222,,,,,,,,,,,,,,,,,,
Contracted Hours,,,165,157.5,150,150,172.5,150,150,165,157.5,172.5,165,157.5,165,150,157.5,150
Allocated Hours,,,138.68,115.2,4.72,16.98,22.9,19.39,9.22,9.8,7.88,8.63,8.25,7.88,8.25,7.5,0,0
Remaining,,,26.32,42.3,145.28,133.02,149.6,130.61,140.78,155.2,149.63,163.88,156.75,149.63,156.75,142.5,157.5,150
Technical,TASK_T0318,Completed,0,0,0,4.13,8.63,7.5,7.5,8.25,7.88,8.63,8.25,7.88,8.25,7.5,0,0
Technical,TASK_T0255,Completed,2.55,3.15,3,3,0.6,0,0,0,0,0,0,0,0,0,0,0
Technical,TASK_T0263,Completed,0,0,0,8.14,11.69,10.17,0,0,0,0,0,0,0,0,0,0
Technical,TASK_T0956,Completed,115.5,110.25,0,0,0,0,0,0,0,0,0,0,0,0,0,0
Technical,TASK_T0383,Completed,20.63,1.8,1.72,1.72,1.98,1.72,1.72,1.55,0,0,0,0,0,0,0,0
EMP_0214,,,,,,,,,,,,,,,,,,
Contracted Hours,,,0,157.5,150,150,172.5,150,150,165,157.5,172.5,165,157.5,165,150,157.5,150
Allocated Hours,,,0,157.5,150,150,172.5,150,150,0,0,0,0,0,0,0,0,0
Remaining,,,0,0,0,0,0,0,0,165,157.5,172.5,165,157.5,165,150,157.5,150
Technical,TASK_T0844,Completed,0,157.5,150,150,172.5,150,150,0,0,0,0,0,0,0,0,0
EMP_0274,,,,,,,,,,,,,,,,,,
Contracted Hours,,,165,52.5,150,150,172.5,150,150,165,157.5,172.5,165,157.5,165,150,157.5,150
Allocated Hours,,,165,157.5,150,150,172.5,120,165,181.5,0,0,0,0,0,0,0,0
Remaining,,,0,-105,0,0,0,30,-15,-16.5,157.5,172.5,165,157.5,165,150,157.5,150
Technical,TASK_T0880,Completed,16.5,15.75,15,15,17.25,0,0,0,0,0,0,0,0,0,0,0
Technical,TASK_T0516,Completed,0,0,0,0,0,0,45,49.5,0,0,0,0,0,0,0,0
Technical,,Completed,16.5,15.75,15,15,17.25,0,0,0,0,0,0,0,0,0,0,0
Technical,,Completed,132,126,120,120,138,120,120,132,0,0,0,0,0,0,0,0
EMP_0169,,,,,,,,,,,,,,,,,,
Contracted Hours,,,150,120,150,150,172.5,150,150,165,157.5,172.5,165,157.5,165,150,157.5,150
Allocated Hours,,,202.43,167.42,172.5,190.5,198.38,142.5,52.5,57.75,55.13,60.38,57.75,55.13,57.75,52.5,23.63,22.5
Remaining,,,-52.43,-47.42,-22.5,-40.5,-25.88,7.5,97.5,107.25,102.38,112.13,107.25,102.38,107.25,97.5,133.88,127.5
Technical,TASK_T0418,Completed,41.25,39.38,30,30,34.5,30,30,33,31.5,34.5,33,31.5,33,30,0,0
Technical,TASK_T0061,Completed,16.5,15.75,0,0,0,0,0,0,0,0,0,0,0,0,0,0
Technical,TASK_T0420,Completed,8.18,6.55,15,15,0,0,0,0,0,0,0,0,0,0,0,0
Technical,TASK_T0422,Completed,75,60,75,75,86.25,75,0,0,0,0,0,0,0,0,0,0
Technical,TASK_T0437,Completed,0,0,0,18,25.88,22.5,22.5,24.75,23.63,25.88,24.75,23.63,24.75,22.5,23.63,22.5
Technical,TASK_T0421,Completed,15,12,15,15,0,0,0,0,0,0,0,0,0,0,0,0
Technical,TASK_T0419,Completed,15,6,7.5,7.5,17.25,0,0,0,0,0,0,0,0,0,0,0
Technical,TASK_T0006,Completed,0,0,15,15,17.25,15,0,0,0,0,0,0,0,0,0,0
Technical,TASK_T0792,Completed,31.5,27.75,15,15,17.25,0,0,0,0,0,0,0,0,0,0,0
EMP_0559,,,,,,,,,,,,,,,,,,
Contracted Hours,,,165,157.5,150,150,172.5,150,150,165,157.5,172.5,165,157.5,165,150,157.5,150
Allocated Hours,,,16.5,0,0,0,0,0,0,0,0,0,0,0,0,0,0,0
Remaining,,,148.5,157.5,150,150,172.5,150,150,165,157.5,172.5,165,157.5,165,150,157.5,150
Technical,TASK_T0529,Completed,16.5,0,0,0,0,0,0,0,0,0,0,0,0,0,0,0
EMP_0732,,,,,,,,,,,,,,,,,,
Contracted Hours,,,165,157.5,150,150,172.5,150,150,165,157.5,172.5,165,157.5,165,150,157.5,150
Allocated Hours,,,133.5,131.25,142.5,142.5,163.88,105,75,82.5,78.75,86.25,82.5,78.75,82.5,75,0,0
Remaining,,,31.5,26.25,7.5,7.5,8.63,45,75,82.5,78.75,86.25,82.5,78.75,82.5,75,157.5,150
Technical,TASK_T0417,Completed,0,0,37.5,37.5,43.13,0,0,0,0,0,0,0,0,0,0,0
Technical,TASK_T0987,Completed,82.5,78.75,75,75,86.25,75,75,82.5,78.75,86.25,82.5,78.75,82.5,75,0,0
Technical,TASK_T0862,Completed,51,52.5,30,30,34.5,30,0,0,0,0,0,0,0,0,0,0
